identifier,john_key_minister_government_prime_text_quake,earthquakes_toilet_text_rubble_made_city_liquefaction,aftershocks_earthquakes_version_quake_insurance_september_liquefaction,buildings_text_cathedral_city_rebuild_building_house,bob_mayor_parker_ring_moon_ken_called,canterbury_damage_september_black_text_zealand_wearing,brownlee_gerry_minister_recovery_key_john_labelled,finance_canterbury_labelled_english_earthquakes_quake_minister,cup_world_rugby_zealand_earthquakes_damage_sign,council_city_marryatt_pay_tony_rise_comments,september_frame_woman_newspaper_quake_replies_earthquakes,red_zone_business_central_canterbury_house_areas
DCDL-0017168,0.00131233595800525,0.00131233595800525,0.00131233595800525,0.39501312335958,0.00131233595800525,0.329396325459318,0.00131233595800525,0.00131233595800525,0.263779527559055,0.00131233595800525,0.00131233595800525,0.00131233595800525
DCDL-0017185,0.00140449438202247,0.00140449438202247,0.00140449438202247,0.984550561797753,0.00140449438202247,0.00140449438202247,0.00140449438202247,0.00140449438202247,0.00140449438202247,0.00140449438202247,0.00140449438202247,0.00140449438202247
DCDL-0017178,0.0833333333333333,0.00163398692810458,0.00163398692810458,0.00163398692810458,0.00163398692810458,0.900326797385621,0.00163398692810458,0.00163398692810458,0.00163398692810458,0.00163398692810458,0.00163398692810458,0.00163398692810458
DCDL-0017174,0.00242718446601942,0.366504854368932,0.00242718446601942,0.487864077669903,0.00242718446601942,0.00242718446601942,0.00242718446601942,0.00242718446601942,0.00242718446601942,0.00242718446601942,0.12378640776699,0.00242718446601942
DCDL-0017205,0.00103950103950104,0.00103950103950104,0.00103950103950104,0.00103950103950104,0.00103950103950104,0.884615384615385,0.00103950103950104,0.00103950103950104,0.104989604989605,0.00103950103950104,0.00103950103950104,0.00103950103950104
DCDL-0017305,0.00140449438202247,0.00140449438202247,0.914325842696629,0.00140449438202247,0.0716292134831461,0.00140449438202247,0.00140449438202247,0.00140449438202247,0.00140449438202247,0.00140449438202247,0.00140449438202247,0.00140449438202247
DCDL-0017204,0.00320512820512821,0.163461538461538,0.00320512820512821,0.00320512820512821,0.00320512820512821,0.80448717948718,0.00320512820512821,0.00320512820512821,0.00320512820512821,0.00320512820512821,0.00320512820512821,0.00320512820512821
DCDL-0017151,0.00177935943060498,0.00177935943060498,0.00177935943060498,0.5355871886121,0.00177935943060498,0.00177935943060498,0.00177935943060498,0.446619217081851,0.00177935943060498,0.00177935943060498,0.00177935943060498,0.00177935943060498
DCDL-0017222,0.00116009280742459,0.639211136890951,0.00116009280742459,0.00116009280742459,0.117169373549884,0.00116009280742459,0.00116009280742459,0.00116009280742459,0.233178654292343,0.00116009280742459,0.00116009280742459,0.00116009280742459
DCDL-0017244,0.00471698113207547,0.712264150943396,0.00471698113207547,0.00471698113207547,0.00471698113207547,0.00471698113207547,0.240566037735849,0.00471698113207547,0.00471698113207547,0.00471698113207547,0.00471698113207547,0.00471698113207547
DCDL-0021187,0.001953125,0.001953125,0.490234375,0.490234375,0.001953125,0.001953125,0.001953125,0.001953125,0.001953125,0.001953125,0.001953125,0.001953125
DCDL-0017210,0.00131233595800525,0.591863517060367,0.00131233595800525,0.00131233595800525,0.00131233595800525,0.00131233595800525,0.00131233595800525,0.00131233595800525,0.00131233595800525,0.00131233595800525,0.263779527559055,0.13254593175853
DCDL-0017156,0.00320512820512821,0.00320512820512821,0.00320512820512821,0.163461538461538,0.00320512820512821,0.80448717948718,0.00320512820512821,0.00320512820512821,0.00320512820512821,0.00320512820512821,0.00320512820512821,0.00320512820512821
DCDL-0021186,0.00109649122807018,0.00109649122807018,0.00109649122807018,0.604166666666667,0.00109649122807018,0.384868421052632,0.00109649122807018,0.00109649122807018,0.00109649122807018,0.00109649122807018,0.00109649122807018,0.00109649122807018
DCDL-0017239,0.284335981838819,0.000567536889897843,0.000567536889897843,0.000567536889897843,0.000567536889897843,0.000567536889897843,0.000567536889897843,0.341089670828604,0.000567536889897843,0.000567536889897843,0.000567536889897843,0.369466515323496
DCDL-0017203,0.000899280575539568,0.000899280575539568,0.000899280575539568,0.000899280575539568,0.000899280575539568,0.000899280575539568,0.225719424460432,0.000899280575539568,0.000899280575539568,0.360611510791367,0.405575539568345,0.000899280575539568
DCDL-0017142,0.000988142292490119,0.000988142292490119,0.000988142292490119,0.000988142292490119,0.000988142292490119,0.000988142292490119,0.000988142292490119,0.24802371541502,0.000988142292490119,0.000988142292490119,0.297430830039526,0.445652173913044
DCDL-0017173,0.00131233595800525,0.00131233595800525,0.00131233595800525,0.591863517060367,0.00131233595800525,0.39501312335958,0.00131233595800525,0.00131233595800525,0.00131233595800525,0.00131233595800525,0.00131233595800525,0.00131233595800525
DCDL-0017152,0.00320512820512821,0.00320512820512821,0.00320512820512821,0.00320512820512821,0.00320512820512821,0.96474358974359,0.00320512820512821,0.00320512820512821,0.00320512820512821,0.00320512820512821,0.00320512820512821,0.00320512820512821
DCDL-0016804,0.00381679389312977,0.00381679389312977,0.00381679389312977,0.00381679389312977,0.00381679389312977,0.958015267175573,0.00381679389312977,0.00381679389312977,0.00381679389312977,0.00381679389312977,0.00381679389312977,0.00381679389312977
DCDL-0015839,0.00242718446601942,0.00242718446601942,0.487864077669903,0.00242718446601942,0.487864077669903,0.00242718446601942,0.00242718446601942,0.00242718446601942,0.00242718446601942,0.00242718446601942,0.00242718446601942,0.00242718446601942
DCDL-0017163,0.00140449438202247,0.00140449438202247,0.00140449438202247,0.422752808988764,0.00140449438202247,0.282303370786517,0.00140449438202247,0.00140449438202247,0.282303370786517,0.00140449438202247,0.00140449438202247,0.00140449438202247
DCDL-0015539,0.0907473309608541,0.00177935943060498,0.00177935943060498,0.00177935943060498,0.00177935943060498,0.802491103202847,0.00177935943060498,0.00177935943060498,0.00177935943060498,0.0907473309608541,0.00177935943060498,0.00177935943060498
DCDL-0017252,0.00109649122807018,0.00109649122807018,0.00109649122807018,0.00109649122807018,0.00109649122807018,0.658991228070176,0.00109649122807018,0.330043859649123,0.00109649122807018,0.00109649122807018,0.00109649122807018,0.00109649122807018
DCDL-0017179,0.00163398692810458,0.00163398692810458,0.00163398692810458,0.00163398692810458,0.818627450980392,0.00163398692810458,0.00163398692810458,0.00163398692810458,0.00163398692810458,0.00163398692810458,0.165032679738562,0.00163398692810458
DCDL-0017169,0.00151057401812689,0.00151057401812689,0.00151057401812689,0.530211480362538,0.00151057401812689,0.152567975830816,0.303625377643505,0.00151057401812689,0.00151057401812689,0.00151057401812689,0.00151057401812689,0.00151057401812689
DCDL-0017209,0.000734214390602056,0.000734214390602056,0.000734214390602056,0.991923641703377,0.000734214390602056,0.000734214390602056,0.000734214390602056,0.000734214390602056,0.000734214390602056,0.000734214390602056,0.000734214390602056,0.000734214390602056
DCDL-0017181,0.00140449438202247,0.00140449438202247,0.00140449438202247,0.212078651685393,0.00140449438202247,0.703651685393258,0.0716292134831461,0.00140449438202247,0.00140449438202247,0.00140449438202247,0.00140449438202247,0.00140449438202247
DCDL-0017200,0.001953125,0.099609375,0.001953125,0.294921875,0.001953125,0.490234375,0.001953125,0.001953125,0.001953125,0.099609375,0.001953125,0.001953125
DCDL-0017160,0.263779527559055,0.00131233595800525,0.00131233595800525,0.723097112860892,0.00131233595800525,0.00131233595800525,0.00131233595800525,0.00131233595800525,0.00131233595800525,0.00131233595800525,0.00131233595800525,0.00131233595800525
DCDL-0017208,0.00076219512195122,0.00076219512195122,0.00076219512195122,0.00076219512195122,0.458079268292683,0.0769817073170732,0.153201219512195,0.00076219512195122,0.00076219512195122,0.00076219512195122,0.0769817073170732,0.229420731707317
DCDL-0017164,0.00471698113207547,0.00471698113207547,0.00471698113207547,0.00471698113207547,0.00471698113207547,0.00471698113207547,0.94811320754717,0.00471698113207547,0.00471698113207547,0.00471698113207547,0.00471698113207547,0.00471698113207547
DCDL-0017230,0.0361189801699717,0.000708215297450425,0.000708215297450425,0.000708215297450425,0.000708215297450425,0.000708215297450425,0.956798866855524,0.000708215297450425,0.000708215297450425,0.000708215297450425,0.000708215297450425,0.000708215297450425
DCDL-0017307,0.000537056928034372,0.000537056928034372,0.000537056928034372,0.000537056928034372,0.000537056928034372,0.000537056928034372,0.994092373791622,0.000537056928034372,0.000537056928034372,0.000537056928034372,0.000537056928034372,0.000537056928034372
DCDL-0017217,0.00151057401812689,0.00151057401812689,0.00151057401812689,0.90785498489426,0.0770392749244713,0.00151057401812689,0.00151057401812689,0.00151057401812689,0.00151057401812689,0.00151057401812689,0.00151057401812689,0.00151057401812689
DCDL-0017170,0.263779527559055,0.00131233595800525,0.39501312335958,0.00131233595800525,0.00131233595800525,0.00131233595800525,0.00131233595800525,0.0669291338582677,0.263779527559055,0.00131233595800525,0.00131233595800525,0.00131233595800525
DCDL-0017157,0.435064935064935,0.00216450216450216,0.00216450216450216,0.326839826839827,0.00216450216450216,0.218614718614719,0.00216450216450216,0.00216450216450216,0.00216450216450216,0.00216450216450216,0.00216450216450216,0.00216450216450216
DCDL-0017207,0.000988142292490119,0.000988142292490119,0.000988142292490119,0.791501976284585,0.000988142292490119,0.000988142292490119,0.000988142292490119,0.000988142292490119,0.000988142292490119,0.000988142292490119,0.198616600790514,0.000988142292490119
DCDL-0017246,0.00103950103950104,0.00103950103950104,0.312889812889813,0.468814968814969,0.00103950103950104,0.208939708939709,0.00103950103950104,0.00103950103950104,0.00103950103950104,0.00103950103950104,0.00103950103950104,0.00103950103950104
DCDL-0017223,0.00163398692810458,0.00163398692810458,0.00163398692810458,0.165032679738562,0.00163398692810458,0.00163398692810458,0.00163398692810458,0.00163398692810458,0.246732026143791,0.00163398692810458,0.165032679738562,0.410130718954248
DCDL-0017166,0.00131233595800525,0.00131233595800525,0.00131233595800525,0.00131233595800525,0.198162729658793,0.00131233595800525,0.00131233595800525,0.00131233595800525,0.788713910761155,0.00131233595800525,0.00131233595800525,0.00131233595800525
DCDL-0017216,0.00242718446601942,0.00242718446601942,0.00242718446601942,0.00242718446601942,0.00242718446601942,0.730582524271845,0.00242718446601942,0.00242718446601942,0.12378640776699,0.00242718446601942,0.00242718446601942,0.12378640776699
DCDL-0017162,0.234228971962617,0.117406542056075,0.00058411214953271,0.00058411214953271,0.00058411214953271,0.438668224299065,0.00058411214953271,0.00058411214953271,0.00058411214953271,0.00058411214953271,0.205023364485981,0.00058411214953271
DCDL-0017231,0.000860585197934596,0.000860585197934596,0.0438898450946644,0.0869191049913942,0.259036144578313,0.345094664371773,0.000860585197934596,0.000860585197934596,0.216006884681583,0.000860585197934596,0.0438898450946644,0.000860585197934596
DCDL-0017159,0.000792393026941363,0.000792393026941363,0.436608557844691,0.278129952456418,0.000792393026941363,0.278129952456418,0.000792393026941363,0.000792393026941363,0.000792393026941363,0.000792393026941363,0.000792393026941363,0.000792393026941363
DCDL-0017211,0.00131233595800525,0.00131233595800525,0.00131233595800525,0.0669291338582677,0.00131233595800525,0.00131233595800525,0.00131233595800525,0.00131233595800525,0.329396325459318,0.00131233595800525,0.591863517060367,0.00131233595800525
DCDL-0017187,0.000860585197934596,0.000860585197934596,0.000860585197934596,0.000860585197934596,0.000860585197934596,0.90447504302926,0.0869191049913942,0.000860585197934596,0.000860585197934596,0.000860585197934596,0.000860585197934596,0.000860585197934596
DCDL-0017177,0.32843137254902,0.00163398692810458,0.00163398692810458,0.246732026143791,0.00163398692810458,0.410130718954248,0.00163398692810458,0.00163398692810458,0.00163398692810458,0.00163398692810458,0.00163398692810458,0.00163398692810458
DCDL-0017229,0.00109649122807018,0.384868421052632,0.00109649122807018,0.220394736842105,0.00109649122807018,0.00109649122807018,0.00109649122807018,0.384868421052632,0.00109649122807018,0.00109649122807018,0.00109649122807018,0.00109649122807018
DCDL-0017150,0.00177935943060498,0.00177935943060498,0.00177935943060498,0.00177935943060498,0.00177935943060498,0.891459074733096,0.00177935943060498,0.00177935943060498,0.0907473309608541,0.00177935943060498,0.00177935943060498,0.00177935943060498
DCDL-0017255,0.00131233595800525,0.00131233595800525,0.00131233595800525,0.198162729658793,0.460629921259843,0.00131233595800525,0.00131233595800525,0.263779527559055,0.0669291338582677,0.00131233595800525,0.00131233595800525,0.00131233595800525
DCDL-0017263,0.000708215297450425,0.000708215297450425,0.354815864022663,0.000708215297450425,0.000708215297450425,0.0361189801699717,0.000708215297450425,0.602691218130312,0.000708215297450425,0.000708215297450425,0.000708215297450425,0.000708215297450425
DCDL-0015522,0.00242718446601942,0.245145631067961,0.00242718446601942,0.12378640776699,0.00242718446601942,0.609223300970874,0.00242718446601942,0.00242718446601942,0.00242718446601942,0.00242718446601942,0.00242718446601942,0.00242718446601942
DCDL-0016946,0.00163398692810458,0.00163398692810458,0.98202614379085,0.00163398692810458,0.00163398692810458,0.00163398692810458,0.00163398692810458,0.00163398692810458,0.00163398692810458,0.00163398692810458,0.00163398692810458,0.00163398692810458
DCDL-0017277,0.000640204865556978,0.0326504481434059,0.000640204865556978,0.480793854033291,0.000640204865556978,0.000640204865556978,0.352752880921895,0.000640204865556978,0.000640204865556978,0.000640204865556978,0.128681177976953,0.000640204865556978
DCDL-0017264,0.00109649122807018,0.00109649122807018,0.987938596491228,0.00109649122807018,0.00109649122807018,0.00109649122807018,0.00109649122807018,0.00109649122807018,0.00109649122807018,0.00109649122807018,0.00109649122807018,0.00109649122807018
DCDL-0017242,0.00076219512195122,0.0769817073170732,0.115091463414634,0.00076219512195122,0.00076219512195122,0.191310975609756,0.00076219512195122,0.0769817073170732,0.0388719512195122,0.00076219512195122,0.496189024390244,0.00076219512195122
DCDL-0020261,0.00320512820512821,0.00320512820512821,0.00320512820512821,0.96474358974359,0.00320512820512821,0.00320512820512821,0.00320512820512821,0.00320512820512821,0.00320512820512821,0.00320512820512821,0.00320512820512821,0.00320512820512821
DCDL-0017292,0.000988142292490119,0.000988142292490119,0.000988142292490119,0.000988142292490119,0.000988142292490119,0.000988142292490119,0.000988142292490119,0.000988142292490119,0.643280632411067,0.000988142292490119,0.346837944664032,0.000988142292490119
DCDL-0017165,0.000899280575539568,0.000899280575539568,0.000899280575539568,0.180755395683453,0.000899280575539568,0.000899280575539568,0.000899280575539568,0.000899280575539568,0.810251798561151,0.000899280575539568,0.000899280575539568,0.000899280575539568
DCDL-0016259,0.000941619585687382,0.000941619585687382,0.000941619585687382,0.000941619585687382,0.000941619585687382,0.000941619585687382,0.000941619585687382,0.330508474576271,0.0951035781544256,0.000941619585687382,0.37758945386064,0.189265536723164
DCDL-0017521,0.001953125,0.001953125,0.001953125,0.001953125,0.001953125,0.001953125,0.001953125,0.783203125,0.001953125,0.001953125,0.197265625,0.001953125
DCDL-0015726,0.44661921708185,0.00177935943060498,0.00177935943060498,0.00177935943060498,0.00177935943060498,0.00177935943060498,0.268683274021352,0.179715302491103,0.0907473309608541,0.00177935943060498,0.00177935943060498,0.00177935943060498
DCDL-0019836,0.000825082508250825,0.000825082508250825,0.9496699669967,0.000825082508250825,0.000825082508250825,0.000825082508250825,0.000825082508250825,0.000825082508250825,0.000825082508250825,0.000825082508250825,0.0420792079207921,0.000825082508250825
DCDL-0019633,0.00116009280742459,0.00116009280742459,0.407192575406032,0.407192575406032,0.00116009280742459,0.00116009280742459,0.00116009280742459,0.117169373549884,0.0591647331786543,0.00116009280742459,0.00116009280742459,0.00116009280742459
DCDL-0018823,0.330043859649123,0.00109649122807018,0.00109649122807018,0.110745614035088,0.00109649122807018,0.00109649122807018,0.00109649122807018,0.00109649122807018,0.549342105263158,0.00109649122807018,0.00109649122807018,0.00109649122807018
DCDL-0018751,0.00276243093922652,0.00276243093922652,0.00276243093922652,0.693370165745856,0.00276243093922652,0.00276243093922652,0.00276243093922652,0.00276243093922652,0.00276243093922652,0.00276243093922652,0.00276243093922652,0.279005524861878
DCDL-0019847,0.00103950103950104,0.00103950103950104,0.832640332640333,0.00103950103950104,0.156964656964657,0.00103950103950104,0.00103950103950104,0.00103950103950104,0.00103950103950104,0.00103950103950104,0.00103950103950104,0.00103950103950104
DCDL-0017276,0.000988142292490119,0.692687747035573,0.000988142292490119,0.297430830039526,0.000988142292490119,0.000988142292490119,0.000988142292490119,0.000988142292490119,0.000988142292490119,0.000988142292490119,0.000988142292490119,0.000988142292490119
DCDL-0017228,0.693370165745856,0.00276243093922652,0.279005524861878,0.00276243093922652,0.00276243093922652,0.00276243093922652,0.00276243093922652,0.00276243093922652,0.00276243093922652,0.00276243093922652,0.00276243093922652,0.00276243093922652
DCDL-0017504,0.00103950103950104,0.364864864864865,0.00103950103950104,0.00103950103950104,0.00103950103950104,0.00103950103950104,0.00103950103950104,0.00103950103950104,0.00103950103950104,0.053014553014553,0.572765072765073,0.00103950103950104
DCDL-0020304,0.00123152709359606,0.00123152709359606,0.555418719211823,0.00123152709359606,0.00123152709359606,0.00123152709359606,0.00123152709359606,0.00123152709359606,0.00123152709359606,0.432266009852217,0.00123152709359606,0.00123152709359606
DCDL-0018401,0.152567975830816,0.756797583081571,0.00151057401812689,0.00151057401812689,0.00151057401812689,0.00151057401812689,0.00151057401812689,0.0770392749244713,0.00151057401812689,0.00151057401812689,0.00151057401812689,0.00151057401812689
DCDL-0017304,0.28960396039604,0.000825082508250825,0.000825082508250825,0.000825082508250825,0.000825082508250825,0.000825082508250825,0.000825082508250825,0.207095709570957,0.495874587458746,0.000825082508250825,0.000825082508250825,0.000825082508250825
DCDL-0018142,0.000734214390602056,0.257709251101322,0.000734214390602056,0.000734214390602056,0.477973568281938,0.257709251101322,0.000734214390602056,0.000734214390602056,0.000734214390602056,0.000734214390602056,0.000734214390602056,0.000734214390602056
DCDL-0020021,0.000523012552301255,0.000523012552301255,0.105125523012552,0.0528242677824268,0.0789748953974895,0.026673640167364,0.000523012552301255,0.000523012552301255,0.000523012552301255,0.209728033472803,0.000523012552301255,0.523535564853556
DCDL-0017247,0.00216450216450216,0.00216450216450216,0.00216450216450216,0.326839826839827,0.00216450216450216,0.651515151515151,0.00216450216450216,0.00216450216450216,0.00216450216450216,0.00216450216450216,0.00216450216450216,0.00216450216450216
DCDL-0018184,0.613901869158878,0.0882009345794392,0.00058411214953271,0.00058411214953271,0.00058411214953271,0.00058411214953271,0.00058411214953271,0.00058411214953271,0.00058411214953271,0.00058411214953271,0.00058411214953271,0.292640186915888
DCDL-0017338,0.000473484848484849,0.663352272727273,0.000473484848484849,0.000473484848484849,0.142518939393939,0.000473484848484849,0.0951704545454545,0.000473484848484849,0.000473484848484849,0.000473484848484849,0.0951704545454545,0.000473484848484849
DCDL-0018584,0.000640204865556978,0.384763124199744,0.000640204865556978,0.000640204865556978,0.000640204865556978,0.128681177976953,0.000640204865556978,0.000640204865556978,0.320742637644046,0.000640204865556978,0.000640204865556978,0.160691421254802
DCDL-0015713,0.000988142292490119,0.000988142292490119,0.000988142292490119,0.000988142292490119,0.890316205533597,0.000988142292490119,0.000988142292490119,0.000988142292490119,0.000988142292490119,0.099802371541502,0.000988142292490119,0.000988142292490119
DCDL-0015519,0.263779527559055,0.00131233595800525,0.00131233595800525,0.00131233595800525,0.00131233595800525,0.526246719160105,0.00131233595800525,0.00131233595800525,0.198162729658793,0.00131233595800525,0.00131233595800525,0.00131233595800525
DCDL-0017904,0.062807881773399,0.00123152709359606,0.00123152709359606,0.00123152709359606,0.00123152709359606,0.00123152709359606,0.124384236453202,0.00123152709359606,0.00123152709359606,0.00123152709359606,0.00123152709359606,0.801724137931035
DCDL-0017953,0.0800316957210777,0.515847860538827,0.000792393026941363,0.396988906497623,0.000792393026941363,0.000792393026941363,0.000792393026941363,0.000792393026941363,0.000792393026941363,0.000792393026941363,0.000792393026941363,0.000792393026941363
DCDL-0019870,0.00151057401812689,0.00151057401812689,0.00151057401812689,0.00151057401812689,0.303625377643505,0.303625377643505,0.00151057401812689,0.00151057401812689,0.00151057401812689,0.00151057401812689,0.379154078549849,0.00151057401812689
DCDL-0019861,0.00163398692810458,0.00163398692810458,0.736928104575163,0.00163398692810458,0.00163398692810458,0.00163398692810458,0.0833333333333333,0.00163398692810458,0.00163398692810458,0.165032679738562,0.00163398692810458,0.00163398692810458
DCDL-0017938,0.0542427497314715,0.000537056928034372,0.000537056928034372,0.000537056928034372,0.000537056928034372,0.000537056928034372,0.000537056928034372,0.027389903329753,0.000537056928034372,0.000537056928034372,0.26906552094522,0.64500537056928
DCDL-0015720,0.00103950103950104,0.00103950103950104,0.00103950103950104,0.00103950103950104,0.832640332640333,0.00103950103950104,0.00103950103950104,0.00103950103950104,0.00103950103950104,0.156964656964657,0.00103950103950104,0.00103950103950104
DCDL-0017889,0.000620347394540943,0.186724565756824,0.000620347394540943,0.000620347394540943,0.000620347394540943,0.000620347394540943,0.155707196029777,0.000620347394540943,0.000620347394540943,0.434863523573201,0.0316377171215881,0.186724565756824
DCDL-0017306,0.000792393026941363,0.23851030110935,0.119651347068146,0.000792393026941363,0.000792393026941363,0.000792393026941363,0.000792393026941363,0.000792393026941363,0.634706814580032,0.000792393026941363,0.000792393026941363,0.000792393026941363
DCDL-0017511,0.000941619585687382,0.754237288135593,0.000941619585687382,0.000941619585687382,0.000941619585687382,0.000941619585687382,0.000941619585687382,0.000941619585687382,0.000941619585687382,0.0951035781544256,0.142184557438795,0.000941619585687382
DCDL-0019825,0.000941619585687382,0.000941619585687382,0.189265536723164,0.000941619585687382,0.000941619585687382,0.754237288135593,0.000941619585687382,0.000941619585687382,0.000941619585687382,0.000941619585687382,0.000941619585687382,0.0480225988700565
DCDL-0018512,0.000988142292490119,0.445652173913044,0.000988142292490119,0.000988142292490119,0.000988142292490119,0.544466403162055,0.000988142292490119,0.000988142292490119,0.000988142292490119,0.000988142292490119,0.000988142292490119,0.000988142292490119
DCDL-0017287,0.000432525951557093,0.000432525951557093,0.000432525951557093,0.000432525951557093,0.000432525951557093,0.238321799307958,0.000432525951557093,0.000432525951557093,0.519463667820069,0.000432525951557093,0.000432525951557093,0.238321799307958
DCDL-0017773,0.000620347394540943,0.000620347394540943,0.000620347394540943,0.155707196029777,0.000620347394540943,0.000620347394540943,0.000620347394540943,0.12468982630273,0.0316377171215881,0.155707196029777,0.527915632754343,0.000620347394540943
DCDL-0018335,0.514684287812041,0.000734214390602056,0.0374449339207048,0.000734214390602056,0.000734214390602056,0.000734214390602056,0.000734214390602056,0.000734214390602056,0.441262848751836,0.000734214390602056,0.000734214390602056,0.000734214390602056
DCDL-0021212,0.00140449438202247,0.00140449438202247,0.282303370786517,0.492977528089888,0.00140449438202247,0.0716292134831461,0.00140449438202247,0.00140449438202247,0.14185393258427,0.00140449438202247,0.00140449438202247,0.00140449438202247
DCDL-0021526,0.185960591133005,0.00123152709359606,0.00123152709359606,0.00123152709359606,0.00123152709359606,0.00123152709359606,0.247536945812808,0.00123152709359606,0.00123152709359606,0.00123152709359606,0.432266009852217,0.124384236453202
DCDL-0018444,0.00058411214953271,0.0297897196261682,0.789135514018692,0.00058411214953271,0.14661214953271,0.00058411214953271,0.00058411214953271,0.00058411214953271,0.0297897196261682,0.00058411214953271,0.00058411214953271,0.00058411214953271
DCDL-0021521,0.551395007342144,0.11086637298091,0.184287812041116,0.000734214390602056,0.000734214390602056,0.000734214390602056,0.000734214390602056,0.000734214390602056,0.147577092511013,0.000734214390602056,0.000734214390602056,0.000734214390602056
DCDL-0017525,0.000708215297450425,0.000708215297450425,0.0715297450424929,0.000708215297450425,0.000708215297450425,0.000708215297450425,0.815155807365439,0.000708215297450425,0.000708215297450425,0.000708215297450425,0.000708215297450425,0.106940509915014
DCDL-0019981,0.00131233595800525,0.263779527559055,0.00131233595800525,0.00131233595800525,0.00131233595800525,0.198162729658793,0.00131233595800525,0.00131233595800525,0.263779527559055,0.00131233595800525,0.263779527559055,0.00131233595800525
DCDL-0019328,0.00131233595800525,0.00131233595800525,0.00131233595800525,0.00131233595800525,0.00131233595800525,0.00131233595800525,0.263779527559055,0.591863517060367,0.00131233595800525,0.13254593175853,0.00131233595800525,0.00131233595800525
DCDL-0017985,0.000734214390602056,0.000734214390602056,0.000734214390602056,0.000734214390602056,0.000734214390602056,0.000734214390602056,0.220998531571219,0.441262848751836,0.000734214390602056,0.11086637298091,0.184287812041116,0.0374449339207048
DCDL-0019967,0.000988142292490119,0.099802371541502,0.000988142292490119,0.000988142292490119,0.000988142292490119,0.000988142292490119,0.000988142292490119,0.000988142292490119,0.000988142292490119,0.890316205533597,0.000988142292490119,0.000988142292490119
DCDL-0017437,0.000551876379690949,0.000551876379690949,0.000551876379690949,0.000551876379690949,0.33167770419426,0.000551876379690949,0.55242825607064,0.000551876379690949,0.000551876379690949,0.000551876379690949,0.000551876379690949,0.110927152317881
DCDL-0015558,0.00116009280742459,0.00116009280742459,0.00116009280742459,0.00116009280742459,0.81322505800464,0.00116009280742459,0.00116009280742459,0.00116009280742459,0.00116009280742459,0.00116009280742459,0.00116009280742459,0.175174013921114
DCDL-0019399,0.00116009280742459,0.00116009280742459,0.00116009280742459,0.465197215777262,0.00116009280742459,0.00116009280742459,0.00116009280742459,0.00116009280742459,0.00116009280742459,0.00116009280742459,0.00116009280742459,0.523201856148492
DCDL-0020016,0.00320512820512821,0.00320512820512821,0.644230769230769,0.00320512820512821,0.00320512820512821,0.00320512820512821,0.00320512820512821,0.00320512820512821,0.323717948717949,0.00320512820512821,0.00320512820512821,0.00320512820512821
DCDL-0015869,0.00151057401812689,0.00151057401812689,0.530211480362538,0.22809667673716,0.152567975830816,0.0770392749244713,0.00151057401812689,0.00151057401812689,0.00151057401812689,0.00151057401812689,0.00151057401812689,0.00151057401812689
DCDL-0017275,0.045863309352518,0.495503597122302,0.000899280575539568,0.450539568345324,0.000899280575539568,0.000899280575539568,0.000899280575539568,0.000899280575539568,0.000899280575539568,0.000899280575539568,0.000899280575539568,0.000899280575539568
DCDL-0018089,0.00123152709359606,0.678571428571429,0.124384236453202,0.00123152709359606,0.00123152709359606,0.00123152709359606,0.00123152709359606,0.00123152709359606,0.00123152709359606,0.00123152709359606,0.00123152709359606,0.185960591133005
DCDL-0020370,0.00471698113207547,0.00471698113207547,0.240566037735849,0.00471698113207547,0.00471698113207547,0.712264150943396,0.00471698113207547,0.00471698113207547,0.00471698113207547,0.00471698113207547,0.00471698113207547,0.00471698113207547
DCDL-0015512,0.00381679389312977,0.00381679389312977,0.00381679389312977,0.00381679389312977,0.00381679389312977,0.00381679389312977,0.00381679389312977,0.00381679389312977,0.00381679389312977,0.00381679389312977,0.767175572519084,0.194656488549618
DCDL-0015511,0.00242718446601942,0.00242718446601942,0.12378640776699,0.245145631067961,0.00242718446601942,0.00242718446601942,0.00242718446601942,0.00242718446601942,0.00242718446601942,0.00242718446601942,0.609223300970874,0.00242718446601942
DCDL-0018021,0.00076219512195122,0.00076219512195122,0.00076219512195122,0.00076219512195122,0.00076219512195122,0.00076219512195122,0.00076219512195122,0.00076219512195122,0.00076219512195122,0.00076219512195122,0.00076219512195122,0.991615853658537
DCDL-0018087,0.000860585197934596,0.000860585197934596,0.603270223752151,0.000860585197934596,0.000860585197934596,0.216006884681583,0.0438898450946644,0.000860585197934596,0.000860585197934596,0.000860585197934596,0.129948364888124,0.000860585197934596
DCDL-0021505,0.00320512820512821,0.00320512820512821,0.80448717948718,0.00320512820512821,0.00320512820512821,0.00320512820512821,0.163461538461538,0.00320512820512821,0.00320512820512821,0.00320512820512821,0.00320512820512821,0.00320512820512821
DCDL-0018028,0.000860585197934596,0.172977624784854,0.775387263339071,0.000860585197934596,0.000860585197934596,0.000860585197934596,0.000860585197934596,0.0438898450946644,0.000860585197934596,0.000860585197934596,0.000860585197934596,0.000860585197934596
DCDL-0018169,0.000941619585687382,0.000941619585687382,0.236346516007533,0.000941619585687382,0.000941619585687382,0.000941619585687382,0.330508474576271,0.000941619585687382,0.000941619585687382,0.142184557438795,0.000941619585687382,0.283427495291902
DCDL-0019922,0.00163398692810458,0.246732026143791,0.00163398692810458,0.00163398692810458,0.00163398692810458,0.0833333333333333,0.246732026143791,0.00163398692810458,0.00163398692810458,0.00163398692810458,0.410130718954248,0.00163398692810458
DCDL-0020251,0.00151057401812689,0.605740181268882,0.00151057401812689,0.379154078549849,0.00151057401812689,0.00151057401812689,0.00151057401812689,0.00151057401812689,0.00151057401812689,0.00151057401812689,0.00151057401812689,0.00151057401812689
DCDL-0015513,0.000708215297450425,0.177762039660057,0.000708215297450425,0.425637393767705,0.000708215297450425,0.28399433427762,0.106940509915014,0.000708215297450425,0.000708215297450425,0.000708215297450425,0.000708215297450425,0.000708215297450425
DCDL-0018259,0.000462534690101758,0.000462534690101758,0.902405180388529,0.000462534690101758,0.000462534690101758,0.000462534690101758,0.000462534690101758,0.000462534690101758,0.000462534690101758,0.000462534690101758,0.0929694727104533,0.000462534690101758
DCDL-0018168,0.267530487804878,0.00076219512195122,0.0388719512195122,0.00076219512195122,0.00076219512195122,0.00076219512195122,0.00076219512195122,0.00076219512195122,0.00076219512195122,0.00076219512195122,0.00076219512195122,0.686737804878049
DCDL-0019995,0.0669291338582677,0.00131233595800525,0.460629921259843,0.0669291338582677,0.00131233595800525,0.00131233595800525,0.00131233595800525,0.00131233595800525,0.00131233595800525,0.00131233595800525,0.00131233595800525,0.39501312335958
DCDL-0016218,0.00103950103950104,0.520790020790021,0.00103950103950104,0.00103950103950104,0.053014553014553,0.00103950103950104,0.00103950103950104,0.00103950103950104,0.00103950103950104,0.416839916839917,0.00103950103950104,0.00103950103950104
DCDL-0018889,0.198616600790514,0.000988142292490119,0.000988142292490119,0.396245059288538,0.000988142292490119,0.0503952569169961,0.000988142292490119,0.000988142292490119,0.000988142292490119,0.000988142292490119,0.000988142292490119,0.346837944664032
DCDL-0021217,0.000551876379690949,0.0281456953642384,0.000551876379690949,0.000551876379690949,0.000551876379690949,0.000551876379690949,0.193708609271523,0.000551876379690949,0.000551876379690949,0.0557395143487859,0.000551876379690949,0.717991169977925
DCDL-0018082,0.00116009280742459,0.175174013921114,0.00116009280742459,0.00116009280742459,0.00116009280742459,0.00116009280742459,0.00116009280742459,0.00116009280742459,0.00116009280742459,0.00116009280742459,0.697215777262181,0.117169373549884
DCDL-0018123,0.000640204865556978,0.000640204865556978,0.352752880921895,0.000640204865556978,0.000640204865556978,0.480793854033291,0.000640204865556978,0.160691421254802,0.000640204865556978,0.000640204865556978,0.000640204865556978,0.000640204865556978
DCDL-0020332,0.00276243093922652,0.00276243093922652,0.00276243093922652,0.00276243093922652,0.00276243093922652,0.831491712707182,0.00276243093922652,0.00276243093922652,0.00276243093922652,0.00276243093922652,0.140883977900553,0.00276243093922652
DCDL-0021184,0.00216450216450216,0.00216450216450216,0.00216450216450216,0.00216450216450216,0.00216450216450216,0.651515151515151,0.00216450216450216,0.00216450216450216,0.326839826839827,0.00216450216450216,0.00216450216450216,0.00216450216450216
DCDL-0020212,0.000734214390602056,0.000734214390602056,0.000734214390602056,0.000734214390602056,0.11086637298091,0.000734214390602056,0.514684287812041,0.000734214390602056,0.000734214390602056,0.36784140969163,0.000734214390602056,0.000734214390602056
DCDL-0021206,0.00131233595800525,0.00131233595800525,0.591863517060367,0.00131233595800525,0.00131233595800525,0.39501312335958,0.00131233595800525,0.00131233595800525,0.00131233595800525,0.00131233595800525,0.00131233595800525,0.00131233595800525
DCDL-0020094,0.00216450216450216,0.00216450216450216,0.00216450216450216,0.543290043290043,0.00216450216450216,0.00216450216450216,0.00216450216450216,0.00216450216450216,0.00216450216450216,0.00216450216450216,0.00216450216450216,0.435064935064935
DCDL-0018068,0.895480225988701,0.000941619585687382,0.000941619585687382,0.000941619585687382,0.000941619585687382,0.0951035781544256,0.000941619585687382,0.000941619585687382,0.000941619585687382,0.000941619585687382,0.000941619585687382,0.000941619585687382
DCDL-0018510,0.00103950103950104,0.00103950103950104,0.00103950103950104,0.00103950103950104,0.00103950103950104,0.780665280665281,0.00103950103950104,0.208939708939709,0.00103950103950104,0.00103950103950104,0.00103950103950104,0.00103950103950104
DCDL-0019544,0.000860585197934596,0.302065404475043,0.000860585197934596,0.000860585197934596,0.000860585197934596,0.000860585197934596,0.000860585197934596,0.000860585197934596,0.000860585197934596,0.000860585197934596,0.302065404475043,0.388123924268503
DCDL-0018678,0.330043859649123,0.00109649122807018,0.00109649122807018,0.00109649122807018,0.00109649122807018,0.220394736842105,0.43969298245614,0.00109649122807018,0.00109649122807018,0.00109649122807018,0.00109649122807018,0.00109649122807018
DCDL-0017309,0.000442086648983201,0.000442086648983201,0.000442086648983201,0.000442086648983201,0.486737400530504,0.155172413793103,0.000442086648983201,0.110963748894783,0.000442086648983201,0.000442086648983201,0.243589743589744,0.000442086648983201
DCDL-0017350,0.000988142292490119,0.000988142292490119,0.346837944664032,0.000988142292490119,0.544466403162055,0.000988142292490119,0.000988142292490119,0.099802371541502,0.000988142292490119,0.000988142292490119,0.000988142292490119,0.000988142292490119
DCDL-0017148,0.00116009280742459,0.175174013921114,0.117169373549884,0.697215777262181,0.00116009280742459,0.00116009280742459,0.00116009280742459,0.00116009280742459,0.00116009280742459,0.00116009280742459,0.00116009280742459,0.00116009280742459
DCDL-0016310,0.000899280575539568,0.000899280575539568,0.27068345323741,0.000899280575539568,0.000899280575539568,0.000899280575539568,0.000899280575539568,0.180755395683453,0.000899280575539568,0.495503597122302,0.045863309352518,0.000899280575539568
DCDL-0021209,0.300901577761082,0.000375657400450789,0.000375657400450789,0.094290007513148,0.169421487603306,0.000375657400450789,0.000375657400450789,0.0755071374906086,0.131855747558227,0.000375657400450789,0.225770097670924,0.000375657400450789
DCDL-0019823,0.000601684717208183,0.000601684717208183,0.000601684717208183,0.000601684717208183,0.000601684717208183,0.000601684717208183,0.000601684717208183,0.000601684717208183,0.211191335740072,0.782791817087846,0.000601684717208183,0.000601684717208183
DCDL-0017339,0.000661375661375661,0.000661375661375661,0.463624338624339,0.000661375661375661,0.0337301587301587,0.000661375661375661,0.000661375661375661,0.000661375661375661,0.496693121693122,0.000661375661375661,0.000661375661375661,0.000661375661375661
DCDL-0020219,0.000523012552301255,0.000523012552301255,0.000523012552301255,0.000523012552301255,0.131276150627615,0.000523012552301255,0.601987447698745,0.000523012552301255,0.000523012552301255,0.262029288702929,0.000523012552301255,0.000523012552301255
DCDL-0017356,0.00131233595800525,0.00131233595800525,0.00131233595800525,0.00131233595800525,0.198162729658793,0.0669291338582677,0.00131233595800525,0.0669291338582677,0.591863517060367,0.00131233595800525,0.0669291338582677,0.00131233595800525
DCDL-0021211,0.302065404475043,0.000860585197934596,0.000860585197934596,0.000860585197934596,0.000860585197934596,0.000860585197934596,0.000860585197934596,0.000860585197934596,0.689328743545611,0.000860585197934596,0.000860585197934596,0.000860585197934596
DCDL-0017342,0.00076219512195122,0.229420731707317,0.00076219512195122,0.00076219512195122,0.00076219512195122,0.00076219512195122,0.00076219512195122,0.00076219512195122,0.762957317073171,0.00076219512195122,0.00076219512195122,0.00076219512195122
DCDL-0020360,0.00116009280742459,0.00116009280742459,0.98723897911833,0.00116009280742459,0.00116009280742459,0.00116009280742459,0.00116009280742459,0.00116009280742459,0.00116009280742459,0.00116009280742459,0.00116009280742459,0.00116009280742459
DCDL-0017349,0.000941619585687382,0.000941619585687382,0.0480225988700565,0.000941619585687382,0.000941619585687382,0.565913370998117,0.000941619585687382,0.000941619585687382,0.000941619585687382,0.000941619585687382,0.37758945386064,0.000941619585687382
DCDL-0017215,0.00276243093922652,0.417127071823204,0.00276243093922652,0.00276243093922652,0.417127071823204,0.00276243093922652,0.00276243093922652,0.140883977900552,0.00276243093922652,0.00276243093922652,0.00276243093922652,0.00276243093922652
DCDL-0021185,0.00177935943060498,0.00177935943060498,0.00177935943060498,0.980427046263345,0.00177935943060498,0.00177935943060498,0.00177935943060498,0.00177935943060498,0.00177935943060498,0.00177935943060498,0.00177935943060498,0.00177935943060498
DCDL-0021497,0.530211480362538,0.00151057401812689,0.152567975830816,0.00151057401812689,0.00151057401812689,0.00151057401812689,0.00151057401812689,0.00151057401812689,0.00151057401812689,0.00151057401812689,0.303625377643505,0.00151057401812689
DCDL-0017250,0.00131233595800525,0.00131233595800525,0.00131233595800525,0.00131233595800525,0.00131233595800525,0.788713910761155,0.00131233595800525,0.198162729658793,0.00131233595800525,0.00131233595800525,0.00131233595800525,0.00131233595800525
DCDL-0017951,0.00151057401812689,0.00151057401812689,0.00151057401812689,0.00151057401812689,0.00151057401812689,0.00151057401812689,0.00151057401812689,0.00151057401812689,0.00151057401812689,0.00151057401812689,0.00151057401812689,0.983383685800604
DCDL-0017298,0.00151057401812689,0.00151057401812689,0.00151057401812689,0.00151057401812689,0.00151057401812689,0.00151057401812689,0.303625377643505,0.00151057401812689,0.00151057401812689,0.00151057401812689,0.00151057401812689,0.681268882175227
DCDL-0017351,0.000661375661375661,0.000661375661375661,0.000661375661375661,0.132936507936508,0.000661375661375661,0.000661375661375661,0.000661375661375661,0.000661375661375661,0.860449735449735,0.000661375661375661,0.000661375661375661,0.000661375661375661
DCDL-0017240,0.00216450216450216,0.00216450216450216,0.00216450216450216,0.00216450216450216,0.00216450216450216,0.00216450216450216,0.00216450216450216,0.00216450216450216,0.11038961038961,0.867965367965368,0.00216450216450216,0.00216450216450216
DCDL-0018513,0.000792393026941363,0.357369255150555,0.000792393026941363,0.436608557844691,0.198890649762282,0.000792393026941363,0.000792393026941363,0.000792393026941363,0.000792393026941363,0.000792393026941363,0.000792393026941363,0.000792393026941363
DCDL-0015734,0.00103950103950104,0.00103950103950104,0.00103950103950104,0.00103950103950104,0.00103950103950104,0.00103950103950104,0.00103950103950104,0.00103950103950104,0.00103950103950104,0.00103950103950104,0.988565488565489,0.00103950103950104
DCDL-0018357,0.000683994528043776,0.342681258549932,0.000683994528043776,0.10328317373461,0.000683994528043776,0.000683994528043776,0.342681258549932,0.000683994528043776,0.000683994528043776,0.171682626538988,0.000683994528043776,0.0348837209302326
DCDL-0018703,0.00103950103950104,0.156964656964657,0.00103950103950104,0.156964656964657,0.00103950103950104,0.00103950103950104,0.00103950103950104,0.468814968814969,0.00103950103950104,0.00103950103950104,0.00103950103950104,0.208939708939709
DCDL-0018405,0.000683994528043776,0.000683994528043776,0.000683994528043776,0.000683994528043776,0.000683994528043776,0.000683994528043776,0.0690834473324213,0.000683994528043776,0.000683994528043776,0.411080711354309,0.513679890560875,0.000683994528043776
DCDL-0017266,0.00058411214953271,0.847546728971963,0.00058411214953271,0.00058411214953271,0.00058411214953271,0.00058411214953271,0.00058411214953271,0.14661214953271,0.00058411214953271,0.00058411214953271,0.00058411214953271,0.00058411214953271
DCDL-0015562,0.000734214390602056,0.000734214390602056,0.000734214390602056,0.000734214390602056,0.991923641703377,0.000734214390602056,0.000734214390602056,0.000734214390602056,0.000734214390602056,0.000734214390602056,0.000734214390602056,0.000734214390602056
DCDL-0020102,0.00076219512195122,0.00076219512195122,0.00076219512195122,0.00076219512195122,0.00076219512195122,0.00076219512195122,0.00076219512195122,0.00076219512195122,0.00076219512195122,0.991615853658537,0.00076219512195122,0.00076219512195122
DCDL-0020155,0.000734214390602056,0.000734214390602056,0.147577092511013,0.000734214390602056,0.000734214390602056,0.000734214390602056,0.000734214390602056,0.000734214390602056,0.0741556534508076,0.771659324522761,0.000734214390602056,0.000734214390602056
DCDL-0020196,0.000899280575539568,0.315647482014388,0.000899280575539568,0.000899280575539568,0.000899280575539568,0.000899280575539568,0.000899280575539568,0.000899280575539568,0.360611510791367,0.000899280575539568,0.000899280575539568,0.315647482014388
DCDL-0018652,0.436608557844691,0.000792393026941363,0.000792393026941363,0.0404120443740095,0.396988906497623,0.000792393026941363,0.000792393026941363,0.000792393026941363,0.000792393026941363,0.119651347068146,0.000792393026941363,0.000792393026941363
DCDL-0024732,0.132936507936508,0.000661375661375661,0.000661375661375661,0.132936507936508,0.69510582010582,0.000661375661375661,0.000661375661375661,0.000661375661375661,0.000661375661375661,0.000661375661375661,0.000661375661375661,0.0337301587301587
DCDL-0017906,0.00116009280742459,0.00116009280742459,0.00116009280742459,0.00116009280742459,0.00116009280742459,0.00116009280742459,0.291183294663573,0.407192575406032,0.00116009280742459,0.233178654292343,0.00116009280742459,0.0591647331786543
DCDL-0017294,0.00058411214953271,0.00058411214953271,0.40946261682243,0.00058411214953271,0.00058411214953271,0.00058411214953271,0.00058411214953271,0.00058411214953271,0.584696261682243,0.00058411214953271,0.00058411214953271,0.00058411214953271
DCDL-0018196,0.00058411214953271,0.00058411214953271,0.99357476635514,0.00058411214953271,0.00058411214953271,0.00058411214953271,0.00058411214953271,0.00058411214953271,0.00058411214953271,0.00058411214953271,0.00058411214953271,0.00058411214953271
DCDL-0018157,0.000734214390602056,0.000734214390602056,0.881791483113069,0.000734214390602056,0.000734214390602056,0.0741556534508076,0.000734214390602056,0.000734214390602056,0.000734214390602056,0.000734214390602056,0.000734214390602056,0.0374449339207048
DCDL-0015573,0.243589743589744,0.000442086648983201,0.000442086648983201,0.000442086648983201,0.000442086648983201,0.0446507515473033,0.000442086648983201,0.707780725022104,0.000442086648983201,0.000442086648983201,0.000442086648983201,0.000442086648983201
DCDL-0020366,0.00131233595800525,0.00131233595800525,0.00131233595800525,0.00131233595800525,0.00131233595800525,0.00131233595800525,0.00131233595800525,0.329396325459318,0.00131233595800525,0.00131233595800525,0.65748031496063,0.00131233595800525
DCDL-0021189,0.00242718446601942,0.00242718446601942,0.00242718446601942,0.366504854368932,0.00242718446601942,0.487864077669903,0.00242718446601942,0.00242718446601942,0.00242718446601942,0.12378640776699,0.00242718446601942,0.00242718446601942
DCDL-0018099,0.000860585197934596,0.216006884681583,0.302065404475043,0.000860585197934596,0.000860585197934596,0.345094664371773,0.000860585197934596,0.129948364888124,0.000860585197934596,0.000860585197934596,0.000860585197934596,0.000860585197934596
DCDL-0018373,0.220998531571219,0.000734214390602056,0.331130690161527,0.441262848751836,0.000734214390602056,0.000734214390602056,0.000734214390602056,0.000734214390602056,0.000734214390602056,0.000734214390602056,0.000734214390602056,0.000734214390602056
DCDL-0015605,0.000792393026941363,0.000792393026941363,0.000792393026941363,0.000792393026941363,0.000792393026941363,0.634706814580032,0.000792393026941363,0.357369255150555,0.000792393026941363,0.000792393026941363,0.000792393026941363,0.000792393026941363
DCDL-0019655,0.000497017892644135,0.000497017892644135,0.000497017892644135,0.174453280318091,0.124751491053678,0.000497017892644135,0.000497017892644135,0.000497017892644135,0.000497017892644135,0.000497017892644135,0.000497017892644135,0.696322067594433
DCDL-0019998,0.000988142292490119,0.000988142292490119,0.000988142292490119,0.000988142292490119,0.593873517786561,0.000988142292490119,0.000988142292490119,0.396245059288538,0.000988142292490119,0.000988142292490119,0.000988142292490119,0.000988142292490119
DCDL-0015541,0.180755395683453,0.045863309352518,0.000899280575539568,0.000899280575539568,0.000899280575539568,0.450539568345324,0.000899280575539568,0.000899280575539568,0.000899280575539568,0.000899280575539568,0.315647482014388,0.000899280575539568
DCDL-0018229,0.660891089108911,0.000825082508250825,0.000825082508250825,0.000825082508250825,0.000825082508250825,0.000825082508250825,0.000825082508250825,0.330858085808581,0.000825082508250825,0.000825082508250825,0.000825082508250825,0.000825082508250825
DCDL-0019782,0.00123152709359606,0.00123152709359606,0.247536945812808,0.247536945812808,0.00123152709359606,0.00123152709359606,0.00123152709359606,0.00123152709359606,0.00123152709359606,0.00123152709359606,0.00123152709359606,0.49384236453202
DCDL-0015533,0.278129952456418,0.198890649762282,0.000792393026941363,0.000792393026941363,0.515847860538827,0.000792393026941363,0.000792393026941363,0.000792393026941363,0.000792393026941363,0.000792393026941363,0.000792393026941363,0.000792393026941363
DCDL-0015561,0.000941619585687382,0.000941619585687382,0.000941619585687382,0.565913370998117,0.000941619585687382,0.142184557438795,0.000941619585687382,0.000941619585687382,0.283427495291902,0.000941619585687382,0.000941619585687382,0.000941619585687382
DCDL-0019552,0.000899280575539568,0.000899280575539568,0.000899280575539568,0.85521582733813,0.000899280575539568,0.000899280575539568,0.000899280575539568,0.000899280575539568,0.000899280575539568,0.000899280575539568,0.135791366906475,0.000899280575539568
DCDL-0017245,0.00140449438202247,0.00140449438202247,0.00140449438202247,0.00140449438202247,0.0716292134831461,0.00140449438202247,0.00140449438202247,0.00140449438202247,0.914325842696629,0.00140449438202247,0.00140449438202247,0.00140449438202247
DCDL-0018154,0.373260437375745,0.000497017892644135,0.000497017892644135,0.000497017892644135,0.000497017892644135,0.000497017892644135,0.000497017892644135,0.000497017892644135,0.000497017892644135,0.000497017892644135,0.273856858846918,0.348409542743539
DCDL-0019245,0.000640204865556978,0.000640204865556978,0.000640204865556978,0.000640204865556978,0.000640204865556978,0.000640204865556978,0.000640204865556978,0.000640204865556978,0.19270166453265,0.0646606914212548,0.19270166453265,0.544814340588988
DCDL-0019401,0.00140449438202247,0.00140449438202247,0.00140449438202247,0.00140449438202247,0.00140449438202247,0.00140449438202247,0.00140449438202247,0.00140449438202247,0.00140449438202247,0.00140449438202247,0.00140449438202247,0.984550561797753
DCDL-0020239,0.00123152709359606,0.00123152709359606,0.062807881773399,0.740147783251232,0.00123152709359606,0.00123152709359606,0.00123152709359606,0.00123152709359606,0.00123152709359606,0.185960591133005,0.00123152709359606,0.00123152709359606
DCDL-0017282,0.00058411214953271,0.497079439252336,0.00058411214953271,0.175817757009346,0.00058411214953271,0.00058411214953271,0.00058411214953271,0.00058411214953271,0.263434579439252,0.00058411214953271,0.0589953271028037,0.00058411214953271
DCDL-0018017,0.991923641703377,0.000734214390602056,0.000734214390602056,0.000734214390602056,0.000734214390602056,0.000734214390602056,0.000734214390602056,0.000734214390602056,0.000734214390602056,0.000734214390602056,0.000734214390602056,0.000734214390602056
DCDL-0017219,0.00151057401812689,0.00151057401812689,0.00151057401812689,0.00151057401812689,0.00151057401812689,0.90785498489426,0.00151057401812689,0.0770392749244713,0.00151057401812689,0.00151057401812689,0.00151057401812689,0.00151057401812689
DCDL-0017262,0.000860585197934596,0.000860585197934596,0.345094664371773,0.000860585197934596,0.000860585197934596,0.000860585197934596,0.000860585197934596,0.646299483648881,0.000860585197934596,0.000860585197934596,0.000860585197934596,0.000860585197934596
DCDL-0018263,0.000988142292490119,0.149209486166008,0.000988142292490119,0.742094861660079,0.099802371541502,0.000988142292490119,0.000988142292490119,0.000988142292490119,0.000988142292490119,0.000988142292490119,0.000988142292490119,0.000988142292490119
DCDL-0019822,0.00242718446601942,0.12378640776699,0.366504854368932,0.00242718446601942,0.00242718446601942,0.00242718446601942,0.00242718446601942,0.00242718446601942,0.487864077669903,0.00242718446601942,0.00242718446601942,0.00242718446601942
DCDL-0019116,0.000601684717208183,0.241275571600481,0.000601684717208183,0.000601684717208183,0.000601684717208183,0.000601684717208183,0.000601684717208183,0.000601684717208183,0.27135980746089,0.000601684717208183,0.000601684717208183,0.481949458483754
DCDL-0018108,0.00103950103950104,0.00103950103950104,0.520790020790021,0.00103950103950104,0.00103950103950104,0.00103950103950104,0.468814968814969,0.00103950103950104,0.00103950103950104,0.00103950103950104,0.00103950103950104,0.00103950103950104
DCDL-0019400,0.000860585197934596,0.000860585197934596,0.172977624784854,0.000860585197934596,0.000860585197934596,0.000860585197934596,0.000860585197934596,0.000860585197934596,0.000860585197934596,0.000860585197934596,0.000860585197934596,0.8184165232358
DCDL-0020157,0.00058411214953271,0.00058411214953271,0.00058411214953271,0.00058411214953271,0.321845794392523,0.00058411214953271,0.00058411214953271,0.00058411214953271,0.00058411214953271,0.67231308411215,0.00058411214953271,0.00058411214953271
DCDL-0017272,0.000414593698175788,0.974709784411277,0.000414593698175788,0.000414593698175788,0.000414593698175788,0.000414593698175788,0.000414593698175788,0.000414593698175788,0.000414593698175788,0.000414593698175788,0.000414593698175788,0.0211442786069652
DCDL-0018116,0.000484966052376334,0.242967992240543,0.170223084384093,0.0974781765276431,0.41270611057226,0.000484966052376334,0.000484966052376334,0.000484966052376334,0.0732298739088264,0.000484966052376334,0.000484966052376334,0.000484966052376334
DCDL-0019826,0.000734214390602056,0.220998531571219,0.000734214390602056,0.000734214390602056,0.000734214390602056,0.000734214390602056,0.514684287812041,0.000734214390602056,0.257709251101322,0.000734214390602056,0.000734214390602056,0.000734214390602056
DCDL-0018165,0.820576540755467,0.000497017892644135,0.000497017892644135,0.000497017892644135,0.000497017892644135,0.000497017892644135,0.149602385685885,0.000497017892644135,0.000497017892644135,0.0253479125248509,0.000497017892644135,0.000497017892644135
DCDL-0019866,0.00116009280742459,0.523201856148492,0.291183294663573,0.117169373549884,0.00116009280742459,0.0591647331786543,0.00116009280742459,0.00116009280742459,0.00116009280742459,0.00116009280742459,0.00116009280742459,0.00116009280742459
DCDL-0017326,0.00076219512195122,0.00076219512195122,0.34375,0.00076219512195122,0.648628048780488,0.00076219512195122,0.00076219512195122,0.00076219512195122,0.00076219512195122,0.00076219512195122,0.00076219512195122,0.00076219512195122
DCDL-0018971,0.00131233595800525,0.00131233595800525,0.00131233595800525,0.0669291338582677,0.0669291338582677,0.00131233595800525,0.591863517060367,0.00131233595800525,0.263779527559055,0.00131233595800525,0.00131233595800525,0.00131233595800525
DCDL-0018576,0.00131233595800525,0.00131233595800525,0.00131233595800525,0.00131233595800525,0.00131233595800525,0.00131233595800525,0.00131233595800525,0.00131233595800525,0.00131233595800525,0.00131233595800525,0.985564304461942,0.00131233595800525
DCDL-0019924,0.00131233595800525,0.00131233595800525,0.198162729658793,0.0669291338582677,0.39501312335958,0.00131233595800525,0.00131233595800525,0.00131233595800525,0.00131233595800525,0.329396325459318,0.00131233595800525,0.00131233595800525
DCDL-0019594,0.692687747035573,0.000988142292490119,0.000988142292490119,0.000988142292490119,0.000988142292490119,0.24802371541502,0.0503952569169961,0.000988142292490119,0.000988142292490119,0.000988142292490119,0.000988142292490119,0.000988142292490119
DCDL-0019750,0.00116009280742459,0.00116009280742459,0.00116009280742459,0.697215777262181,0.00116009280742459,0.00116009280742459,0.00116009280742459,0.00116009280742459,0.00116009280742459,0.291183294663573,0.00116009280742459,0.00116009280742459
DCDL-0019268,0.000988142292490119,0.000988142292490119,0.000988142292490119,0.989130434782609,0.000988142292490119,0.000988142292490119,0.000988142292490119,0.000988142292490119,0.000988142292490119,0.000988142292490119,0.000988142292490119,0.000988142292490119
DCDL-0018772,0.000988142292490119,0.000988142292490119,0.198616600790514,0.000988142292490119,0.000988142292490119,0.000988142292490119,0.000988142292490119,0.000988142292490119,0.346837944664032,0.000988142292490119,0.445652173913044,0.000988142292490119
DCDL-0019122,0.000734214390602056,0.294419970631424,0.000734214390602056,0.36784140969163,0.000734214390602056,0.000734214390602056,0.000734214390602056,0.000734214390602056,0.000734214390602056,0.331130690161527,0.000734214390602056,0.000734214390602056
DCDL-0018836,0.654109589041096,0.000311332503113325,0.000311332503113325,0.000311332503113325,0.0158779576587796,0.000311332503113325,0.000311332503113325,0.000311332503113325,0.202677459526775,0.0781444582814446,0.000311332503113325,0.0470112079701121
DCDL-0018103,0.00123152709359606,0.00123152709359606,0.678571428571429,0.00123152709359606,0.124384236453202,0.00123152709359606,0.00123152709359606,0.00123152709359606,0.185960591133005,0.00123152709359606,0.00123152709359606,0.00123152709359606
DCDL-0017414,0.00163398692810458,0.00163398692810458,0.736928104575163,0.00163398692810458,0.165032679738562,0.00163398692810458,0.00163398692810458,0.00163398692810458,0.00163398692810458,0.00163398692810458,0.00163398692810458,0.0833333333333333
DCDL-0020082,0.00177935943060498,0.00177935943060498,0.00177935943060498,0.00177935943060498,0.00177935943060498,0.00177935943060498,0.00177935943060498,0.980427046263345,0.00177935943060498,0.00177935943060498,0.00177935943060498,0.00177935943060498
DCDL-0017368,0.000375657400450789,0.0191585274229902,0.150638617580766,0.000375657400450789,0.0191585274229902,0.000375657400450789,0.000375657400450789,0.000375657400450789,0.094290007513148,0.000375657400450789,0.0379413974455297,0.676558978211871
DCDL-0018077,0.00320512820512821,0.00320512820512821,0.96474358974359,0.00320512820512821,0.00320512820512821,0.00320512820512821,0.00320512820512821,0.00320512820512821,0.00320512820512821,0.00320512820512821,0.00320512820512821,0.00320512820512821
DCDL-0017661,0.00276243093922652,0.00276243093922652,0.00276243093922652,0.00276243093922652,0.140883977900553,0.00276243093922652,0.00276243093922652,0.00276243093922652,0.00276243093922652,0.279005524861878,0.55524861878453,0.00276243093922652
DCDL-0019093,0.00216450216450216,0.00216450216450216,0.00216450216450216,0.435064935064935,0.00216450216450216,0.543290043290043,0.00216450216450216,0.00216450216450216,0.00216450216450216,0.00216450216450216,0.00216450216450216,0.00216450216450216
DCDL-0016249,0.00163398692810458,0.00163398692810458,0.00163398692810458,0.00163398692810458,0.00163398692810458,0.00163398692810458,0.00163398692810458,0.00163398692810458,0.98202614379085,0.00163398692810458,0.00163398692810458,0.00163398692810458
DCDL-0017662,0.00163398692810458,0.00163398692810458,0.00163398692810458,0.246732026143791,0.00163398692810458,0.00163398692810458,0.00163398692810458,0.00163398692810458,0.00163398692810458,0.00163398692810458,0.736928104575163,0.00163398692810458
DCDL-0017415,0.026673640167364,0.000523012552301255,0.000523012552301255,0.000523012552301255,0.497384937238494,0.183577405857741,0.000523012552301255,0.183577405857741,0.000523012552301255,0.000523012552301255,0.105125523012552,0.000523012552301255
DCDL-0016121,0.00177935943060498,0.00177935943060498,0.00177935943060498,0.268683274021352,0.00177935943060498,0.357651245551601,0.00177935943060498,0.00177935943060498,0.357651245551601,0.00177935943060498,0.00177935943060498,0.00177935943060498
DCDL-0015528,0.00151057401812689,0.00151057401812689,0.00151057401812689,0.00151057401812689,0.379154078549849,0.22809667673716,0.00151057401812689,0.379154078549849,0.00151057401812689,0.00151057401812689,0.00151057401812689,0.00151057401812689
DCDL-0017374,0.000825082508250825,0.000825082508250825,0.000825082508250825,0.000825082508250825,0.454620462046205,0.0833333333333333,0.000825082508250825,0.207095709570957,0.000825082508250825,0.000825082508250825,0.000825082508250825,0.248349834983498
DCDL-0015518,0.00276243093922652,0.00276243093922652,0.00276243093922652,0.00276243093922652,0.00276243093922652,0.55524861878453,0.417127071823204,0.00276243093922652,0.00276243093922652,0.00276243093922652,0.00276243093922652,0.00276243093922652
DCDL-0019827,0.00163398692810458,0.00163398692810458,0.573529411764706,0.0833333333333333,0.246732026143791,0.0833333333333333,0.00163398692810458,0.00163398692810458,0.00163398692810458,0.00163398692810458,0.00163398692810458,0.00163398692810458
DCDL-0017302,0.000708215297450425,0.000708215297450425,0.885977337110482,0.000708215297450425,0.000708215297450425,0.000708215297450425,0.106940509915014,0.000708215297450425,0.000708215297450425,0.000708215297450425,0.000708215297450425,0.000708215297450425
DCDL-0017491,0.0999005964214712,0.000497017892644135,0.249005964214712,0.000497017892644135,0.0999005964214712,0.000497017892644135,0.000497017892644135,0.000497017892644135,0.000497017892644135,0.547216699801193,0.000497017892644135,0.000497017892644135
DCDL-0018078,0.000988142292490119,0.000988142292490119,0.544466403162055,0.000988142292490119,0.000988142292490119,0.000988142292490119,0.198616600790514,0.000988142292490119,0.000988142292490119,0.000988142292490119,0.24802371541502,0.000988142292490119
DCDL-0019336,0.00177935943060498,0.00177935943060498,0.00177935943060498,0.0907473309608541,0.891459074733096,0.00177935943060498,0.00177935943060498,0.00177935943060498,0.00177935943060498,0.00177935943060498,0.00177935943060498,0.00177935943060498
DCDL-0017510,0.00123152709359606,0.309113300492611,0.00123152709359606,0.00123152709359606,0.00123152709359606,0.00123152709359606,0.185960591133005,0.00123152709359606,0.00123152709359606,0.00123152709359606,0.49384236453202,0.00123152709359606
DCDL-0029375,0.000988142292490119,0.000988142292490119,0.000988142292490119,0.000988142292490119,0.000988142292490119,0.742094861660079,0.000988142292490119,0.000988142292490119,0.000988142292490119,0.000988142292490119,0.000988142292490119,0.24802371541502
DCDL-0017439,0.000683994528043776,0.718878248974008,0.000683994528043776,0.000683994528043776,0.000683994528043776,0.274281805745554,0.000683994528043776,0.000683994528043776,0.000683994528043776,0.000683994528043776,0.000683994528043776,0.000683994528043776
DCDL-0017385,0.000792393026941363,0.000792393026941363,0.000792393026941363,0.000792393026941363,0.0800316957210777,0.595087163232964,0.000792393026941363,0.000792393026941363,0.000792393026941363,0.000792393026941363,0.000792393026941363,0.317749603803487
DCDL-0017453,0.00103950103950104,0.260914760914761,0.00103950103950104,0.00103950103950104,0.00103950103950104,0.416839916839917,0.00103950103950104,0.00103950103950104,0.00103950103950104,0.00103950103950104,0.00103950103950104,0.312889812889813
DCDL-0017421,0.36784140969163,0.000734214390602056,0.000734214390602056,0.000734214390602056,0.000734214390602056,0.000734214390602056,0.000734214390602056,0.000734214390602056,0.220998531571219,0.000734214390602056,0.000734214390602056,0.404552129221733
DCDL-0017371,0.000683994528043776,0.000683994528043776,0.274281805745554,0.137482900136799,0.000683994528043776,0.000683994528043776,0.000683994528043776,0.0348837209302326,0.000683994528043776,0.000683994528043776,0.000683994528043776,0.547879616963064
DCDL-0018145,0.308481532147743,0.000683994528043776,0.000683994528043776,0.000683994528043776,0.000683994528043776,0.0348837209302326,0.547879616963064,0.000683994528043776,0.000683994528043776,0.000683994528043776,0.000683994528043776,0.10328317373461
DCDL-0017529,0.181107099879663,0.000601684717208183,0.000601684717208183,0.000601684717208183,0.000601684717208183,0.000601684717208183,0.6323706377858,0.000601684717208183,0.000601684717208183,0.000601684717208183,0.000601684717208183,0.181107099879663
DCDL-0017353,0.00242718446601942,0.00242718446601942,0.12378640776699,0.851941747572815,0.00242718446601942,0.00242718446601942,0.00242718446601942,0.00242718446601942,0.00242718446601942,0.00242718446601942,0.00242718446601942,0.00242718446601942
DCDL-0017281,0.00151057401812689,0.530211480362538,0.454682779456193,0.00151057401812689,0.00151057401812689,0.00151057401812689,0.00151057401812689,0.00151057401812689,0.00151057401812689,0.00151057401812689,0.00151057401812689,0.00151057401812689
DCDL-0017420,0.00116009280742459,0.00116009280742459,0.00116009280742459,0.0591647331786543,0.00116009280742459,0.00116009280742459,0.00116009280742459,0.00116009280742459,0.00116009280742459,0.00116009280742459,0.00116009280742459,0.9292343387471
DCDL-0017524,0.000899280575539568,0.000899280575539568,0.000899280575539568,0.000899280575539568,0.495503597122302,0.495503597122302,0.000899280575539568,0.000899280575539568,0.000899280575539568,0.000899280575539568,0.000899280575539568,0.000899280575539568
DCDL-0018758,0.000825082508250825,0.000825082508250825,0.000825082508250825,0.165841584158416,0.000825082508250825,0.000825082508250825,0.330858085808581,0.000825082508250825,0.000825082508250825,0.000825082508250825,0.000825082508250825,0.495874587458746
DCDL-0017364,0.624884366327475,0.000462534690101758,0.116096207215541,0.000462534690101758,0.000462534690101758,0.000462534690101758,0.000462534690101758,0.000462534690101758,0.231729879740981,0.0235892691951896,0.000462534690101758,0.000462534690101758
DCDL-0015674,0.329396325459318,0.00131233595800525,0.00131233595800525,0.00131233595800525,0.00131233595800525,0.00131233595800525,0.00131233595800525,0.00131233595800525,0.00131233595800525,0.13254593175853,0.526246719160105,0.00131233595800525
DCDL-0017411,0.000683994528043776,0.000683994528043776,0.000683994528043776,0.000683994528043776,0.000683994528043776,0.000683994528043776,0.000683994528043776,0.445280437756498,0.000683994528043776,0.000683994528043776,0.000683994528043776,0.547879616963064
DCDL-0021207,0.405575539568345,0.000899280575539568,0.000899280575539568,0.000899280575539568,0.000899280575539568,0.000899280575539568,0.000899280575539568,0.0908273381294964,0.225719424460432,0.000899280575539568,0.000899280575539568,0.27068345323741
DCDL-0015735,0.00116009280742459,0.00116009280742459,0.00116009280742459,0.00116009280742459,0.00116009280742459,0.00116009280742459,0.00116009280742459,0.00116009280742459,0.00116009280742459,0.00116009280742459,0.98723897911833,0.00116009280742459
DCDL-0017206,0.495059288537549,0.297430830039526,0.000988142292490119,0.000988142292490119,0.149209486166008,0.0503952569169961,0.000988142292490119,0.000988142292490119,0.000988142292490119,0.000988142292490119,0.000988142292490119,0.000988142292490119
DCDL-0016337,0.000899280575539568,0.000899280575539568,0.000899280575539568,0.000899280575539568,0.000899280575539568,0.225719424460432,0.000899280575539568,0.495503597122302,0.000899280575539568,0.000899280575539568,0.000899280575539568,0.27068345323741
DCDL-0021239,0.495059288537549,0.000988142292490119,0.000988142292490119,0.000988142292490119,0.000988142292490119,0.000988142292490119,0.000988142292490119,0.099802371541502,0.198616600790514,0.000988142292490119,0.198616600790514,0.000988142292490119
DCDL-0021242,0.000825082508250825,0.000825082508250825,0.000825082508250825,0.124587458745875,0.000825082508250825,0.000825082508250825,0.000825082508250825,0.867161716171617,0.000825082508250825,0.000825082508250825,0.000825082508250825,0.000825082508250825
DCDL-0015626,0.000825082508250825,0.0833333333333333,0.000825082508250825,0.000825082508250825,0.000825082508250825,0.000825082508250825,0.124587458745875,0.000825082508250825,0.000825082508250825,0.000825082508250825,0.784653465346535,0.000825082508250825
DCDL-0017663,0.000484966052376334,0.0732298739088264,0.000484966052376334,0.000484966052376334,0.000484966052376334,0.145974781765276,0.000484966052376334,0.000484966052376334,0.0732298739088264,0.000484966052376334,0.70368574199806,0.000484966052376334
DCDL-0017570,0.000551876379690949,0.414459161147903,0.000551876379690949,0.000551876379690949,0.000551876379690949,0.000551876379690949,0.000551876379690949,0.193708609271523,0.386865342163355,0.000551876379690949,0.000551876379690949,0.000551876379690949
DCDL-0020736,0.00163398692810458,0.00163398692810458,0.0833333333333333,0.00163398692810458,0.00163398692810458,0.00163398692810458,0.00163398692810458,0.00163398692810458,0.32843137254902,0.491830065359477,0.0833333333333333,0.00163398692810458
DCDL-0015530,0.704865556978233,0.000640204865556978,0.128681177976953,0.000640204865556978,0.000640204865556978,0.000640204865556978,0.000640204865556978,0.000640204865556978,0.0646606914212548,0.000640204865556978,0.0966709346991037,0.000640204865556978
DCDL-0015710,0.00131233595800525,0.00131233595800525,0.00131233595800525,0.13254593175853,0.00131233595800525,0.39501312335958,0.00131233595800525,0.00131233595800525,0.00131233595800525,0.00131233595800525,0.00131233595800525,0.460629921259843
DCDL-0018826,0.000661375661375661,0.000661375661375661,0.000661375661375661,0.728174603174603,0.000661375661375661,0.000661375661375661,0.132936507936508,0.0998677248677249,0.0337301587301587,0.000661375661375661,0.000661375661375661,0.000661375661375661
DCDL-0018825,0.3014440433213,0.0306859205776173,0.000601684717208183,0.000601684717208183,0.000601684717208183,0.0908543922984356,0.361612515042118,0.000601684717208183,0.211191335740072,0.000601684717208183,0.000601684717208183,0.000601684717208183
DCDL-0017873,0.000683994528043776,0.000683994528043776,0.000683994528043776,0.000683994528043776,0.000683994528043776,0.000683994528043776,0.547879616963064,0.274281805745554,0.171682626538988,0.000683994528043776,0.000683994528043776,0.000683994528043776
DCDL-0017485,0.497739602169982,0.000452079566003617,0.000452079566003617,0.000452079566003617,0.000452079566003617,0.113471971066908,0.000452079566003617,0.000452079566003617,0.249095840867993,0.000452079566003617,0.136075949367089,0.000452079566003617
DCDL-0017459,0.000620347394540943,0.000620347394540943,0.000620347394540943,0.000620347394540943,0.000620347394540943,0.000620347394540943,0.000620347394540943,0.99317617866005,0.000620347394540943,0.000620347394540943,0.000620347394540943,0.000620347394540943
DCDL-0017257,0.000620347394540943,0.99317617866005,0.000620347394540943,0.000620347394540943,0.000620347394540943,0.000620347394540943,0.000620347394540943,0.000620347394540943,0.000620347394540943,0.000620347394540943,0.000620347394540943,0.000620347394540943
DCDL-0018101,0.912044374009509,0.000792393026941363,0.000792393026941363,0.000792393026941363,0.000792393026941363,0.000792393026941363,0.0800316957210777,0.000792393026941363,0.000792393026941363,0.000792393026941363,0.000792393026941363,0.000792393026941363
DCDL-0015552,0.001953125,0.001953125,0.294921875,0.197265625,0.001953125,0.001953125,0.001953125,0.490234375,0.001953125,0.001953125,0.001953125,0.001953125
DCDL-0015616,0.00163398692810458,0.165032679738562,0.00163398692810458,0.00163398692810458,0.00163398692810458,0.818627450980392,0.00163398692810458,0.00163398692810458,0.00163398692810458,0.00163398692810458,0.00163398692810458,0.00163398692810458
DCDL-0015627,0.00216450216450216,0.00216450216450216,0.00216450216450216,0.00216450216450216,0.00216450216450216,0.543290043290043,0.00216450216450216,0.00216450216450216,0.00216450216450216,0.00216450216450216,0.435064935064935,0.00216450216450216
DCDL-0015912,0.329396325459318,0.00131233595800525,0.00131233595800525,0.00131233595800525,0.00131233595800525,0.460629921259843,0.00131233595800525,0.00131233595800525,0.00131233595800525,0.198162729658793,0.00131233595800525,0.00131233595800525
DCDL-0017488,0.000825082508250825,0.000825082508250825,0.165841584158416,0.000825082508250825,0.000825082508250825,0.000825082508250825,0.000825082508250825,0.660891089108911,0.000825082508250825,0.165841584158416,0.000825082508250825,0.000825082508250825
DCDL-0015611,0.00140449438202247,0.00140449438202247,0.844101123595506,0.00140449438202247,0.00140449438202247,0.00140449438202247,0.00140449438202247,0.00140449438202247,0.00140449438202247,0.00140449438202247,0.00140449438202247,0.14185393258427
DCDL-0015892,0.000860585197934596,0.000860585197934596,0.388123924268503,0.000860585197934596,0.000860585197934596,0.000860585197934596,0.000860585197934596,0.000860585197934596,0.000860585197934596,0.000860585197934596,0.302065404475043,0.302065404475043
DCDL-0015642,0.00103950103950104,0.00103950103950104,0.572765072765073,0.00103950103950104,0.416839916839917,0.00103950103950104,0.00103950103950104,0.00103950103950104,0.00103950103950104,0.00103950103950104,0.00103950103950104,0.00103950103950104
DCDL-0015856,0.00131233595800525,0.00131233595800525,0.00131233595800525,0.198162729658793,0.00131233595800525,0.788713910761155,0.00131233595800525,0.00131233595800525,0.00131233595800525,0.00131233595800525,0.00131233595800525,0.00131233595800525
DCDL-0015607,0.216006884681583,0.000860585197934596,0.302065404475043,0.000860585197934596,0.000860585197934596,0.000860585197934596,0.000860585197934596,0.000860585197934596,0.000860585197934596,0.000860585197934596,0.000860585197934596,0.474182444061962
DCDL-0016039,0.000683994528043776,0.000683994528043776,0.000683994528043776,0.000683994528043776,0.000683994528043776,0.308481532147743,0.000683994528043776,0.000683994528043776,0.000683994528043776,0.445280437756498,0.240082079343365,0.000683994528043776
DCDL-0015784,0.00151057401812689,0.00151057401812689,0.00151057401812689,0.90785498489426,0.00151057401812689,0.0770392749244713,0.00151057401812689,0.00151057401812689,0.00151057401812689,0.00151057401812689,0.00151057401812689,0.00151057401812689
DCDL-0015572,0.324826989619377,0.000432525951557093,0.000432525951557093,0.000432525951557093,0.000432525951557093,0.238321799307958,0.000432525951557093,0.432958477508651,0.000432525951557093,0.000432525951557093,0.000432525951557093,0.000432525951557093
DCDL-0015644,0.053014553014553,0.00103950103950104,0.00103950103950104,0.00103950103950104,0.00103950103950104,0.364864864864865,0.00103950103950104,0.00103950103950104,0.00103950103950104,0.00103950103950104,0.572765072765073,0.00103950103950104
DCDL-0016143,0.000941619585687382,0.000941619585687382,0.000941619585687382,0.000941619585687382,0.000941619585687382,0.000941619585687382,0.000941619585687382,0.0951035781544256,0.565913370998117,0.000941619585687382,0.330508474576271,0.000941619585687382
DCDL-0015664,0.00103950103950104,0.00103950103950104,0.00103950103950104,0.00103950103950104,0.00103950103950104,0.988565488565489,0.00103950103950104,0.00103950103950104,0.00103950103950104,0.00103950103950104,0.00103950103950104,0.00103950103950104
DCDL-0015760,0.151022864019254,0.000601684717208183,0.000601684717208183,0.000601684717208183,0.000601684717208183,0.000601684717208183,0.000601684717208183,0.842960288808664,0.000601684717208183,0.000601684717208183,0.000601684717208183,0.000601684717208183
DCDL-0018782,0.12468982630273,0.000620347394540943,0.000620347394540943,0.000620347394540943,0.000620347394540943,0.000620347394540943,0.0936724565756824,0.527915632754342,0.000620347394540943,0.0316377171215881,0.217741935483871,0.000620347394540943
NOT-ATL-1,0.00216450216450216,0.00216450216450216,0.00216450216450216,0.435064935064935,0.00216450216450216,0.00216450216450216,0.00216450216450216,0.00216450216450216,0.00216450216450216,0.00216450216450216,0.543290043290043,0.00216450216450216
NOT-ATL-2,0.00177935943060498,0.00177935943060498,0.00177935943060498,0.00177935943060498,0.5355871886121,0.00177935943060498,0.00177935943060498,0.446619217081851,0.00177935943060498,0.00177935943060498,0.00177935943060498,0.00177935943060498
NOT-ATL-3,0.00140449438202247,0.00140449438202247,0.00140449438202247,0.00140449438202247,0.703651685393259,0.00140449438202247,0.00140449438202247,0.00140449438202247,0.00140449438202247,0.00140449438202247,0.282303370786517,0.00140449438202247
NOT-ATL-5,0.00471698113207547,0.00471698113207547,0.00471698113207547,0.00471698113207547,0.00471698113207547,0.00471698113207547,0.00471698113207547,0.00471698113207547,0.00471698113207547,0.00471698113207547,0.94811320754717,0.00471698113207547
NOT-ATL-7,0.00617283950617284,0.00617283950617284,0.00617283950617284,0.00617283950617284,0.00617283950617284,0.00617283950617284,0.00617283950617284,0.00617283950617284,0.00617283950617284,0.00617283950617284,0.932098765432099,0.00617283950617284
NOT-ATL-4,0.0833333333333333,0.00163398692810458,0.00163398692810458,0.00163398692810458,0.00163398692810458,0.00163398692810458,0.00163398692810458,0.00163398692810458,0.00163398692810458,0.00163398692810458,0.900326797385621,0.00163398692810458
NOT-ATL-11,0.00320512820512821,0.00320512820512821,0.00320512820512821,0.00320512820512821,0.00320512820512821,0.483974358974359,0.00320512820512821,0.00320512820512821,0.00320512820512821,0.00320512820512821,0.483974358974359,0.00320512820512821
NOT-ATL-6,0.00116009280742459,0.291183294663573,0.00116009280742459,0.00116009280742459,0.00116009280742459,0.00116009280742459,0.00116009280742459,0.581206496519722,0.117169373549884,0.00116009280742459,0.00116009280742459,0.00116009280742459
NOT-ATL-10,0.00177935943060498,0.00177935943060498,0.00177935943060498,0.00177935943060498,0.00177935943060498,0.00177935943060498,0.00177935943060498,0.00177935943060498,0.00177935943060498,0.00177935943060498,0.980427046263345,0.00177935943060498
NOT-ATL-9,0.00276243093922652,0.00276243093922652,0.00276243093922652,0.00276243093922652,0.00276243093922652,0.55524861878453,0.00276243093922652,0.00276243093922652,0.00276243093922652,0.417127071823204,0.00276243093922652,0.00276243093922652
NOT-ATL-12,0.00163398692810458,0.00163398692810458,0.00163398692810458,0.00163398692810458,0.00163398692810458,0.00163398692810458,0.00163398692810458,0.00163398692810458,0.00163398692810458,0.00163398692810458,0.98202614379085,0.00163398692810458
NOT-ATL-16,0.001953125,0.001953125,0.001953125,0.001953125,0.294921875,0.685546875,0.001953125,0.001953125,0.001953125,0.001953125,0.001953125,0.001953125
NOT-ATL-13,0.00116009280742459,0.00116009280742459,0.00116009280742459,0.00116009280742459,0.00116009280742459,0.117169373549884,0.00116009280742459,0.00116009280742459,0.00116009280742459,0.00116009280742459,0.81322505800464,0.0591647331786543
NOT-ATL-14,0.00140449438202247,0.00140449438202247,0.35252808988764,0.00140449438202247,0.00140449438202247,0.282303370786517,0.35252808988764,0.00140449438202247,0.00140449438202247,0.00140449438202247,0.00140449438202247,0.00140449438202247
NOT-ATL-15,0.00242718446601942,0.00242718446601942,0.00242718446601942,0.00242718446601942,0.00242718446601942,0.730582524271845,0.00242718446601942,0.00242718446601942,0.245145631067961,0.00242718446601942,0.00242718446601942,0.00242718446601942
DCDL-0015640,0.00151057401812689,0.0770392749244713,0.00151057401812689,0.00151057401812689,0.90785498489426,0.00151057401812689,0.00151057401812689,0.00151057401812689,0.00151057401812689,0.00151057401812689,0.00151057401812689,0.00151057401812689
NOT-ATL-17,0.00116009280742459,0.00116009280742459,0.00116009280742459,0.465197215777262,0.00116009280742459,0.00116009280742459,0.117169373549884,0.407192575406032,0.00116009280742459,0.00116009280742459,0.00116009280742459,0.00116009280742459
NOT-ATL-18,0.000988142292490119,0.000988142292490119,0.000988142292490119,0.000988142292490119,0.742094861660079,0.000988142292490119,0.000988142292490119,0.000988142292490119,0.000988142292490119,0.000988142292490119,0.24802371541502,0.000988142292490119
NOT-ATL-19,0.001953125,0.392578125,0.001953125,0.001953125,0.001953125,0.587890625,0.001953125,0.001953125,0.001953125,0.001953125,0.001953125,0.001953125
NOT-ATL-8,0.00116009280742459,0.0591647331786543,0.00116009280742459,0.00116009280742459,0.00116009280742459,0.00116009280742459,0.00116009280742459,0.00116009280742459,0.00116009280742459,0.00116009280742459,0.9292343387471,0.00116009280742459
NOT-ATL-20,0.00076219512195122,0.00076219512195122,0.00076219512195122,0.00076219512195122,0.00076219512195122,0.00076219512195122,0.00076219512195122,0.00076219512195122,0.00076219512195122,0.00076219512195122,0.991615853658537,0.00076219512195122
NOT-ATL-21,0.00320512820512821,0.00320512820512821,0.00320512820512821,0.00320512820512821,0.00320512820512821,0.96474358974359,0.00320512820512821,0.00320512820512821,0.00320512820512821,0.00320512820512821,0.00320512820512821,0.00320512820512821
NOT-ATL-22,0.00276243093922652,0.00276243093922652,0.00276243093922652,0.279005524861878,0.00276243093922652,0.00276243093922652,0.00276243093922652,0.00276243093922652,0.00276243093922652,0.417127071823204,0.279005524861878,0.00276243093922652
NOT-ATL-24,0.00116009280742459,0.00116009280742459,0.00116009280742459,0.639211136890951,0.175174013921114,0.00116009280742459,0.00116009280742459,0.175174013921114,0.00116009280742459,0.00116009280742459,0.00116009280742459,0.00116009280742459
NOT-ATL-23,0.001953125,0.001953125,0.392578125,0.294921875,0.001953125,0.001953125,0.001953125,0.001953125,0.197265625,0.001953125,0.001953125,0.099609375
NOT-ATL-25,0.00242718446601942,0.00242718446601942,0.00242718446601942,0.00242718446601942,0.00242718446601942,0.00242718446601942,0.609223300970874,0.00242718446601942,0.00242718446601942,0.00242718446601942,0.366504854368932,0.00242718446601942
NOT-ATL-26,0.00151057401812689,0.00151057401812689,0.00151057401812689,0.303625377643505,0.00151057401812689,0.454682779456193,0.00151057401812689,0.22809667673716,0.00151057401812689,0.00151057401812689,0.00151057401812689,0.00151057401812689
NOT-ATL-27,0.00276243093922652,0.00276243093922652,0.00276243093922652,0.279005524861878,0.00276243093922652,0.00276243093922652,0.00276243093922652,0.00276243093922652,0.279005524861878,0.417127071823204,0.00276243093922652,0.00276243093922652
NOT-ATL-28,0.00163398692810458,0.00163398692810458,0.00163398692810458,0.900326797385621,0.00163398692810458,0.00163398692810458,0.00163398692810458,0.0833333333333333,0.00163398692810458,0.00163398692810458,0.00163398692810458,0.00163398692810458
NOT-ATL-29,0.246732026143791,0.491830065359477,0.00163398692810458,0.00163398692810458,0.00163398692810458,0.00163398692810458,0.00163398692810458,0.165032679738562,0.00163398692810458,0.0833333333333333,0.00163398692810458,0.00163398692810458
NOT-ATL-31,0.00116009280742459,0.233178654292343,0.00116009280742459,0.00116009280742459,0.00116009280742459,0.00116009280742459,0.755220417633411,0.00116009280742459,0.00116009280742459,0.00116009280742459,0.00116009280742459,0.00116009280742459
DCDL-0019708,0.268683274021352,0.0907473309608541,0.00177935943060498,0.624555160142349,0.00177935943060498,0.00177935943060498,0.00177935943060498,0.00177935943060498,0.00177935943060498,0.00177935943060498,0.00177935943060498,0.00177935943060498
NOT-ATL-30,0.22809667673716,0.00151057401812689,0.00151057401812689,0.756797583081571,0.00151057401812689,0.00151057401812689,0.00151057401812689,0.00151057401812689,0.00151057401812689,0.00151057401812689,0.00151057401812689,0.00151057401812689
NOT-ATL-32,0.00151057401812689,0.00151057401812689,0.00151057401812689,0.00151057401812689,0.00151057401812689,0.00151057401812689,0.00151057401812689,0.983383685800604,0.00151057401812689,0.00151057401812689,0.00151057401812689,0.00151057401812689
NOT-ATL-33,0.00242718446601942,0.00242718446601942,0.00242718446601942,0.00242718446601942,0.00242718446601942,0.245145631067961,0.730582524271845,0.00242718446601942,0.00242718446601942,0.00242718446601942,0.00242718446601942,0.00242718446601942
NOT-ATL-34,0.000988142292490119,0.000988142292490119,0.000988142292490119,0.000988142292490119,0.000988142292490119,0.000988142292490119,0.000988142292490119,0.149209486166008,0.692687747035573,0.000988142292490119,0.000988142292490119,0.149209486166008
DCDL-0018059,0.681268882175227,0.00151057401812689,0.0770392749244713,0.00151057401812689,0.00151057401812689,0.00151057401812689,0.00151057401812689,0.00151057401812689,0.00151057401812689,0.152567975830816,0.00151057401812689,0.0770392749244713
NOT-ATL-37,0.00140449438202247,0.633426966292135,0.00140449438202247,0.00140449438202247,0.00140449438202247,0.00140449438202247,0.00140449438202247,0.35252808988764,0.00140449438202247,0.00140449438202247,0.00140449438202247,0.00140449438202247
NOT-ATL-41,0.379154078549849,0.00151057401812689,0.00151057401812689,0.303625377643505,0.00151057401812689,0.00151057401812689,0.00151057401812689,0.303625377643505,0.00151057401812689,0.00151057401812689,0.00151057401812689,0.00151057401812689
NOT-ATL-46,0.00163398692810458,0.165032679738562,0.00163398692810458,0.00163398692810458,0.00163398692810458,0.00163398692810458,0.32843137254902,0.00163398692810458,0.00163398692810458,0.00163398692810458,0.00163398692810458,0.491830065359477
NOT-ATL-48,0.00242718446601942,0.00242718446601942,0.973300970873786,0.00242718446601942,0.00242718446601942,0.00242718446601942,0.00242718446601942,0.00242718446601942,0.00242718446601942,0.00242718446601942,0.00242718446601942,0.00242718446601942
NOT-ATL-35,0.00140449438202247,0.00140449438202247,0.00140449438202247,0.773876404494382,0.00140449438202247,0.00140449438202247,0.212078651685393,0.00140449438202247,0.00140449438202247,0.00140449438202247,0.00140449438202247,0.00140449438202247
NOT-ATL-36,0.000941619585687382,0.000941619585687382,0.0480225988700565,0.000941619585687382,0.000941619585687382,0.000941619585687382,0.000941619585687382,0.000941619585687382,0.754237288135593,0.189265536723164,0.000941619585687382,0.000941619585687382
NOT-ATL-43,0.00140449438202247,0.00140449438202247,0.633426966292135,0.00140449438202247,0.00140449438202247,0.00140449438202247,0.00140449438202247,0.35252808988764,0.00140449438202247,0.00140449438202247,0.00140449438202247,0.00140449438202247
NOT-ATL-47,0.491830065359477,0.00163398692810458,0.00163398692810458,0.00163398692810458,0.00163398692810458,0.00163398692810458,0.00163398692810458,0.00163398692810458,0.491830065359477,0.00163398692810458,0.00163398692810458,0.00163398692810458
NOT-ATL-38,0.00163398692810458,0.736928104575163,0.00163398692810458,0.00163398692810458,0.00163398692810458,0.246732026143791,0.00163398692810458,0.00163398692810458,0.00163398692810458,0.00163398692810458,0.00163398692810458,0.00163398692810458
NOT-ATL-44,0.00109649122807018,0.055921052631579,0.00109649122807018,0.00109649122807018,0.00109649122807018,0.00109649122807018,0.658991228070176,0.00109649122807018,0.00109649122807018,0.00109649122807018,0.00109649122807018,0.275219298245614
NOT-ATL-63,0.00116009280742459,0.291183294663573,0.00116009280742459,0.00116009280742459,0.00116009280742459,0.00116009280742459,0.697215777262181,0.00116009280742459,0.00116009280742459,0.00116009280742459,0.00116009280742459,0.00116009280742459
NOT-ATL-39,0.00116009280742459,0.0591647331786543,0.00116009280742459,0.00116009280742459,0.87122969837587,0.00116009280742459,0.0591647331786543,0.00116009280742459,0.00116009280742459,0.00116009280742459,0.00116009280742459,0.00116009280742459
NOT-ATL-40,0.000941619585687382,0.000941619585687382,0.000941619585687382,0.000941619585687382,0.000941619585687382,0.000941619585687382,0.37758945386064,0.518832391713748,0.0951035781544256,0.000941619585687382,0.000941619585687382,0.000941619585687382
NOT-ATL-45,0.000941619585687382,0.000941619585687382,0.000941619585687382,0.330508474576271,0.000941619585687382,0.000941619585687382,0.37758945386064,0.000941619585687382,0.000941619585687382,0.000941619585687382,0.000941619585687382,0.283427495291902
NOT-ATL-49,0.00151057401812689,0.00151057401812689,0.00151057401812689,0.379154078549849,0.00151057401812689,0.00151057401812689,0.00151057401812689,0.00151057401812689,0.00151057401812689,0.00151057401812689,0.605740181268882,0.00151057401812689
NOT-ATL-51,0.001953125,0.001953125,0.001953125,0.978515625,0.001953125,0.001953125,0.001953125,0.001953125,0.001953125,0.001953125,0.001953125,0.001953125
NOT-ATL-56,0.00140449438202247,0.00140449438202247,0.00140449438202247,0.00140449438202247,0.00140449438202247,0.00140449438202247,0.914325842696629,0.00140449438202247,0.0716292134831461,0.00140449438202247,0.00140449438202247,0.00140449438202247
NOT-ATL-42,0.000708215297450425,0.000708215297450425,0.000708215297450425,0.28399433427762,0.000708215297450425,0.000708215297450425,0.000708215297450425,0.000708215297450425,0.673512747875354,0.0361189801699717,0.000708215297450425,0.000708215297450425
NOT-ATL-52,0.00123152709359606,0.00123152709359606,0.00123152709359606,0.00123152709359606,0.00123152709359606,0.00123152709359606,0.00123152709359606,0.555418719211823,0.309113300492611,0.062807881773399,0.062807881773399,0.00123152709359606
NOT-ATL-61,0.00177935943060498,0.00177935943060498,0.00177935943060498,0.00177935943060498,0.268683274021352,0.00177935943060498,0.713523131672598,0.00177935943060498,0.00177935943060498,0.00177935943060498,0.00177935943060498,0.00177935943060498
NOT-ATL-50,0.00103950103950104,0.00103950103950104,0.00103950103950104,0.00103950103950104,0.00103950103950104,0.00103950103950104,0.00103950103950104,0.00103950103950104,0.00103950103950104,0.00103950103950104,0.988565488565489,0.00103950103950104
NOT-ATL-53,0.00216450216450216,0.00216450216450216,0.976190476190476,0.00216450216450216,0.00216450216450216,0.00216450216450216,0.00216450216450216,0.00216450216450216,0.00216450216450216,0.00216450216450216,0.00216450216450216,0.00216450216450216
NOT-ATL-59,0.612994350282486,0.000941619585687382,0.000941619585687382,0.0951035781544256,0.000941619585687382,0.000941619585687382,0.000941619585687382,0.000941619585687382,0.000941619585687382,0.000941619585687382,0.283427495291902,0.000941619585687382
NOT-ATL-60,0.099802371541502,0.000988142292490119,0.000988142292490119,0.000988142292490119,0.593873517786561,0.000988142292490119,0.000988142292490119,0.000988142292490119,0.000988142292490119,0.000988142292490119,0.297430830039526,0.000988142292490119
NOT-ATL-64,0.00177935943060498,0.00177935943060498,0.357651245551601,0.00177935943060498,0.00177935943060498,0.00177935943060498,0.00177935943060498,0.00177935943060498,0.00177935943060498,0.00177935943060498,0.624555160142349,0.00177935943060498
NOT-ATL-54,0.00103950103950104,0.00103950103950104,0.00103950103950104,0.208939708939709,0.00103950103950104,0.00103950103950104,0.00103950103950104,0.00103950103950104,0.00103950103950104,0.624740124740125,0.156964656964657,0.00103950103950104
NOT-ATL-55,0.00131233595800525,0.00131233595800525,0.00131233595800525,0.00131233595800525,0.00131233595800525,0.00131233595800525,0.00131233595800525,0.00131233595800525,0.91994750656168,0.00131233595800525,0.0669291338582677,0.00131233595800525
NOT-ATL-58,0.00892857142857143,0.00892857142857143,0.00892857142857143,0.00892857142857143,0.00892857142857143,0.00892857142857143,0.00892857142857143,0.901785714285714,0.00892857142857143,0.00892857142857143,0.00892857142857143,0.00892857142857143
NOT-ATL-57,0.00320512820512821,0.00320512820512821,0.00320512820512821,0.00320512820512821,0.00320512820512821,0.00320512820512821,0.00320512820512821,0.483974358974359,0.163461538461538,0.323717948717949,0.00320512820512821,0.00320512820512821
NOT-ATL-62,0.062807881773399,0.00123152709359606,0.00123152709359606,0.00123152709359606,0.678571428571429,0.00123152709359606,0.00123152709359606,0.00123152709359606,0.00123152709359606,0.00123152709359606,0.247536945812808,0.00123152709359606
NOT-ATL-65,0.000941619585687382,0.000941619585687382,0.0480225988700565,0.283427495291902,0.000941619585687382,0.000941619585687382,0.000941619585687382,0.000941619585687382,0.000941619585687382,0.142184557438795,0.518832391713748,0.000941619585687382
NOT-ATL-66,0.099802371541502,0.000988142292490119,0.000988142292490119,0.692687747035573,0.000988142292490119,0.000988142292490119,0.198616600790514,0.000988142292490119,0.000988142292490119,0.000988142292490119,0.000988142292490119,0.000988142292490119
NOT-ATL-67,0.00103950103950104,0.364864864864865,0.00103950103950104,0.00103950103950104,0.053014553014553,0.00103950103950104,0.572765072765073,0.00103950103950104,0.00103950103950104,0.00103950103950104,0.00103950103950104,0.00103950103950104
NOT-ATL-68,0.00216450216450216,0.00216450216450216,0.00216450216450216,0.00216450216450216,0.00216450216450216,0.00216450216450216,0.543290043290043,0.326839826839827,0.11038961038961,0.00216450216450216,0.00216450216450216,0.00216450216450216
DCDL-0017376,0.00216450216450216,0.326839826839827,0.00216450216450216,0.00216450216450216,0.00216450216450216,0.00216450216450216,0.00216450216450216,0.00216450216450216,0.11038961038961,0.00216450216450216,0.543290043290043,0.00216450216450216
NOT-ATL-69,0.001953125,0.197265625,0.001953125,0.099609375,0.001953125,0.001953125,0.099609375,0.587890625,0.001953125,0.001953125,0.001953125,0.001953125
NOT-ATL-70,0.00617283950617284,0.314814814814815,0.00617283950617284,0.00617283950617284,0.00617283950617284,0.623456790123457,0.00617283950617284,0.00617283950617284,0.00617283950617284,0.00617283950617284,0.00617283950617284,0.00617283950617284
NOT-ATL-71,0.00320512820512821,0.00320512820512821,0.00320512820512821,0.00320512820512821,0.00320512820512821,0.00320512820512821,0.00320512820512821,0.323717948717949,0.00320512820512821,0.644230769230769,0.00320512820512821,0.00320512820512821
NOT-ATL-72,0.00216450216450216,0.00216450216450216,0.11038961038961,0.00216450216450216,0.00216450216450216,0.00216450216450216,0.75974025974026,0.00216450216450216,0.00216450216450216,0.00216450216450216,0.11038961038961,0.00216450216450216
NOT-ATL-73,0.001953125,0.001953125,0.001953125,0.490234375,0.001953125,0.001953125,0.001953125,0.001953125,0.001953125,0.001953125,0.490234375,0.001953125
DCDL-0020114,0.00163398692810458,0.00163398692810458,0.246732026143791,0.00163398692810458,0.00163398692810458,0.00163398692810458,0.00163398692810458,0.00163398692810458,0.00163398692810458,0.736928104575163,0.00163398692810458,0.00163398692810458
NOT-ATL-75,0.00617283950617284,0.00617283950617284,0.00617283950617284,0.00617283950617284,0.00617283950617284,0.932098765432099,0.00617283950617284,0.00617283950617284,0.00617283950617284,0.00617283950617284,0.00617283950617284,0.00617283950617284
NOT-ATL-76,0.00381679389312977,0.385496183206107,0.385496183206107,0.00381679389312977,0.00381679389312977,0.00381679389312977,0.00381679389312977,0.00381679389312977,0.00381679389312977,0.00381679389312977,0.194656488549618,0.00381679389312977
NOT-ATL-77,0.00140449438202247,0.00140449438202247,0.00140449438202247,0.00140449438202247,0.00140449438202247,0.00140449438202247,0.492977528089888,0.00140449438202247,0.00140449438202247,0.492977528089888,0.00140449438202247,0.00140449438202247
NOT-ATL-79,0.000941619585687382,0.330508474576271,0.0480225988700565,0.000941619585687382,0.000941619585687382,0.000941619585687382,0.000941619585687382,0.000941619585687382,0.000941619585687382,0.612994350282486,0.000941619585687382,0.000941619585687382
NOT-ATL-81,0.00320512820512821,0.00320512820512821,0.163461538461538,0.00320512820512821,0.323717948717949,0.00320512820512821,0.483974358974359,0.00320512820512821,0.00320512820512821,0.00320512820512821,0.00320512820512821,0.00320512820512821
NOT-ATL-85,0.00216450216450216,0.00216450216450216,0.435064935064935,0.00216450216450216,0.00216450216450216,0.218614718614719,0.00216450216450216,0.326839826839827,0.00216450216450216,0.00216450216450216,0.00216450216450216,0.00216450216450216
NOT-ATL-78,0.00216450216450216,0.00216450216450216,0.00216450216450216,0.00216450216450216,0.00216450216450216,0.00216450216450216,0.00216450216450216,0.867965367965368,0.11038961038961,0.00216450216450216,0.00216450216450216,0.00216450216450216
NOT-ATL-80,0.000899280575539568,0.000899280575539568,0.000899280575539568,0.000899280575539568,0.000899280575539568,0.000899280575539568,0.000899280575539568,0.000899280575539568,0.000899280575539568,0.000899280575539568,0.990107913669065,0.000899280575539568
NOT-ATL-89,0.00151057401812689,0.00151057401812689,0.22809667673716,0.00151057401812689,0.00151057401812689,0.22809667673716,0.00151057401812689,0.00151057401812689,0.530211480362538,0.00151057401812689,0.00151057401812689,0.00151057401812689
NOT-ATL-82,0.165032679738562,0.00163398692810458,0.00163398692810458,0.00163398692810458,0.00163398692810458,0.00163398692810458,0.00163398692810458,0.00163398692810458,0.00163398692810458,0.491830065359477,0.32843137254902,0.00163398692810458
NOT-ATL-84,0.00140449438202247,0.0716292134831461,0.00140449438202247,0.00140449438202247,0.00140449438202247,0.00140449438202247,0.00140449438202247,0.00140449438202247,0.00140449438202247,0.00140449438202247,0.914325842696629,0.00140449438202247
NOT-ATL-86,0.00109649122807018,0.055921052631579,0.00109649122807018,0.00109649122807018,0.220394736842105,0.00109649122807018,0.00109649122807018,0.00109649122807018,0.00109649122807018,0.713815789473684,0.00109649122807018,0.00109649122807018
NOT-ATL-83,0.00116009280742459,0.00116009280742459,0.00116009280742459,0.00116009280742459,0.233178654292343,0.00116009280742459,0.465197215777262,0.00116009280742459,0.00116009280742459,0.291183294663573,0.00116009280742459,0.00116009280742459
NOT-ATL-90,0.00109649122807018,0.00109649122807018,0.330043859649123,0.110745614035088,0.00109649122807018,0.00109649122807018,0.00109649122807018,0.00109649122807018,0.00109649122807018,0.220394736842105,0.330043859649123,0.00109649122807018
NOT-ATL-88,0.00242718446601942,0.00242718446601942,0.00242718446601942,0.00242718446601942,0.00242718446601942,0.00242718446601942,0.00242718446601942,0.00242718446601942,0.00242718446601942,0.00242718446601942,0.973300970873786,0.00242718446601942
NOT-ATL-87,0.00471698113207547,0.00471698113207547,0.00471698113207547,0.00471698113207547,0.00471698113207547,0.00471698113207547,0.00471698113207547,0.00471698113207547,0.00471698113207547,0.94811320754717,0.00471698113207547,0.00471698113207547
NOT-ATL-92,0.0770392749244713,0.00151057401812689,0.00151057401812689,0.00151057401812689,0.00151057401812689,0.00151057401812689,0.00151057401812689,0.00151057401812689,0.00151057401812689,0.530211480362538,0.379154078549849,0.00151057401812689
NOT-ATL-91,0.001953125,0.001953125,0.001953125,0.001953125,0.001953125,0.978515625,0.001953125,0.001953125,0.001953125,0.001953125,0.001953125,0.001953125
NOT-ATL-93,0.392578125,0.099609375,0.001953125,0.001953125,0.001953125,0.001953125,0.099609375,0.001953125,0.001953125,0.001953125,0.001953125,0.392578125
