identifier,topic1,topic2,topic3,topic4,topic5,topic6,topic7,topic8,topic9,topic10,topic11,topic12,topic13,topic14
DCDL-0017174,0.00103626943005181,0.00103626943005181,0.00103626943005181,0.00103626943005181,0.00103626943005181,0.104663212435233,0.00103626943005181,0.00103626943005181,0.881865284974093,0.00103626943005181,0.00103626943005181,0.00103626943005181,0.00103626943005181,0.00103626943005181,0.00103626943005181
DCDL-0017178,0.000938967136150235,0.000938967136150235,0.000938967136150235,0.000938967136150235,0.000938967136150235,0.000938967136150235,0.000938967136150235,0.000938967136150235,0.611267605633803,0.000938967136150235,0.047887323943662,0.000938967136150235,0.235680751173709,0.000938967136150235,0.0948356807511737
DCDL-0017205,0.000858369098712446,0.000858369098712446,0.730472103004292,0.000858369098712446,0.000858369098712446,0.000858369098712446,0.000858369098712446,0.000858369098712446,0.258369098712446,0.000858369098712446,0.000858369098712446,0.000858369098712446,0.000858369098712446,0.000858369098712446,0.000858369098712446
DCDL-0017185,0.000600600600600601,0.000600600600600601,0.000600600600600601,0.000600600600600601,0.000600600600600601,0.000600600600600601,0.000600600600600601,0.000600600600600601,0.691291291291291,0.000600600600600601,0.000600600600600601,0.180780780780781,0.000600600600600601,0.000600600600600601,0.120720720720721
DCDL-0017168,0.000583090379008746,0.000583090379008746,0.000583090379008746,0.000583090379008746,0.000583090379008746,0.000583090379008746,0.000583090379008746,0.000583090379008746,0.729446064139942,0.000583090379008746,0.000583090379008746,0.000583090379008746,0.262973760932945,0.000583090379008746,0.000583090379008746
DCDL-0017305,0.000760456273764259,0.228897338403042,0.000760456273764259,0.000760456273764259,0.000760456273764259,0.000760456273764259,0.152851711026616,0.000760456273764259,0.000760456273764259,0.152851711026616,0.000760456273764259,0.000760456273764259,0.000760456273764259,0.000760456273764259,0.457034220532319
DCDL-0017190,0.00273972602739726,0.961643835616438,0.00273972602739726,0.00273972602739726,0.00273972602739726,0.00273972602739726,0.00273972602739726,0.00273972602739726,0.00273972602739726,0.00273972602739726,0.00273972602739726,0.00273972602739726,0.00273972602739726,0.00273972602739726,0.00273972602739726
DCDL-0017151,0.000823045267489712,0.000823045267489712,0.000823045267489712,0.000823045267489712,0.000823045267489712,0.000823045267489712,0.000823045267489712,0.000823045267489712,0.823868312757202,0.165432098765432,0.000823045267489712,0.000823045267489712,0.000823045267489712,0.000823045267489712,0.000823045267489712
DCDL-0017222,0.000938967136150235,0.846009389671361,0.000938967136150235,0.000938967136150235,0.000938967136150235,0.000938967136150235,0.000938967136150235,0.000938967136150235,0.000938967136150235,0.000938967136150235,0.000938967136150235,0.000938967136150235,0.000938967136150235,0.000938967136150235,0.141784037558685
DCDL-0017244,0.00465116279069767,0.00465116279069767,0.00465116279069767,0.00465116279069767,0.00465116279069767,0.237209302325581,0.702325581395349,0.00465116279069767,0.00465116279069767,0.00465116279069767,0.00465116279069767,0.00465116279069767,0.00465116279069767,0.00465116279069767,0.00465116279069767
DCDL-0017202,0.00194174757281553,0.00194174757281553,0.00194174757281553,0.00194174757281553,0.00194174757281553,0.00194174757281553,0.00194174757281553,0.00194174757281553,0.875728155339806,0.0990291262135923,0.00194174757281553,0.00194174757281553,0.00194174757281553,0.00194174757281553,0.00194174757281553
DCDL-0021187,0.0666666666666667,0.00130718954248366,0.00130718954248366,0.00130718954248366,0.328104575163399,0.00130718954248366,0.00130718954248366,0.00130718954248366,0.00130718954248366,0.00130718954248366,0.00130718954248366,0.458823529411765,0.00130718954248366,0.13202614379085,0.00130718954248366
DCDL-0017210,0.00103626943005181,0.00103626943005181,0.00103626943005181,0.00103626943005181,0.00103626943005181,0.00103626943005181,0.00103626943005181,0.00103626943005181,0.156476683937824,0.726424870466321,0.104663212435233,0.00103626943005181,0.00103626943005181,0.00103626943005181,0.00103626943005181
DCDL-0017156,0.000732600732600733,0.000732600732600733,0.000732600732600733,0.000732600732600733,0.000732600732600733,0.000732600732600733,0.000732600732600733,0.000732600732600733,0.98974358974359,0.000732600732600733,0.000732600732600733,0.000732600732600733,0.000732600732600733,0.000732600732600733,0.000732600732600733
DCDL-0017189,0.000790513833992095,0.000790513833992095,0.000790513833992095,0.000790513833992095,0.0798418972332016,0.000790513833992095,0.000790513833992095,0.000790513833992095,0.158893280632411,0.000790513833992095,0.000790513833992095,0.356521739130435,0.000790513833992095,0.39604743083004,0.000790513833992095
DCDL-0021186,0.000985221674876847,0.000985221674876847,0.000985221674876847,0.000985221674876847,0.000985221674876847,0.000985221674876847,0.000985221674876847,0.000985221674876847,0.641379310344828,0.000985221674876847,0.000985221674876847,0.345812807881773,0.000985221674876847,0.000985221674876847,0.000985221674876847
DCDL-0017239,0.138292011019284,0.0556473829201102,0.165840220385675,0.0831955922865014,0.551515151515152,0.000550964187327824,0.000550964187327824,0.000550964187327824,0.000550964187327824,0.000550964187327824,0.000550964187327824,0.000550964187327824,0.000550964187327824,0.000550964187327824,0.000550964187327824
DCDL-0017203,0.000823045267489712,0.000823045267489712,0.000823045267489712,0.0419753086419753,0.000823045267489712,0.000823045267489712,0.000823045267489712,0.000823045267489712,0.000823045267489712,0.247736625514403,0.000823045267489712,0.000823045267489712,0.000823045267489712,0.000823045267489712,0.700411522633745
DCDL-0017142,0.000508905852417303,0.000508905852417303,0.000508905852417303,0.000508905852417303,0.000508905852417303,0.000508905852417303,0.0259541984732824,0.000508905852417303,0.585750636132316,0.000508905852417303,0.0513994910941476,0.000508905852417303,0.331297709923664,0.000508905852417303,0.000508905852417303
DCDL-0017173,0.000706713780918728,0.000706713780918728,0.000706713780918728,0.000706713780918728,0.000706713780918728,0.106713780918728,0.000706713780918728,0.000706713780918728,0.884098939929329,0.000706713780918728,0.000706713780918728,0.000706713780918728,0.000706713780918728,0.000706713780918728,0.000706713780918728
DCDL-0017152,0.0387832699619772,0.000760456273764259,0.000760456273764259,0.000760456273764259,0.000760456273764259,0.000760456273764259,0.000760456273764259,0.000760456273764259,0.951330798479087,0.000760456273764259,0.000760456273764259,0.000760456273764259,0.000760456273764259,0.000760456273764259,0.000760456273764259
DCDL-0017204,0.0589595375722543,0.00115606936416185,0.00115606936416185,0.00115606936416185,0.00115606936416185,0.00115606936416185,0.00115606936416185,0.174566473988439,0.752601156069364,0.00115606936416185,0.00115606936416185,0.00115606936416185,0.00115606936416185,0.00115606936416185,0.00115606936416185
DCDL-0017163,0.000938967136150235,0.000938967136150235,0.000938967136150235,0.000938967136150235,0.000938967136150235,0.000938967136150235,0.047887323943662,0.000938967136150235,0.939906103286385,0.000938967136150235,0.000938967136150235,0.000938967136150235,0.000938967136150235,0.000938967136150235,0.000938967136150235
DCDL-0017252,0.183289817232376,0.000522193211488251,0.000522193211488251,0.000522193211488251,0.287728459530026,0.000522193211488251,0.000522193211488251,0.000522193211488251,0.131070496083551,0.000522193211488251,0.000522193211488251,0.000522193211488251,0.000522193211488251,0.392167101827676,0.000522193211488251
DCDL-0017179,0.000638977635782748,0.000638977635782748,0.000638977635782748,0.000638977635782748,0.000638977635782748,0.000638977635782748,0.320127795527157,0.000638977635782748,0.671565495207668,0.000638977635782748,0.000638977635782748,0.000638977635782748,0.000638977635782748,0.000638977635782748,0.000638977635782748
DCDL-0017169,0.000858369098712446,0.000858369098712446,0.000858369098712446,0.000858369098712446,0.000858369098712446,0.000858369098712446,0.000858369098712446,0.000858369098712446,0.816309012875536,0.000858369098712446,0.000858369098712446,0.000858369098712446,0.0437768240343348,0.129613733905579,0.000858369098712446
DCDL-0017209,0.000355239786856128,0.000355239786856128,0.000355239786856128,0.000355239786856128,0.000355239786856128,0.000355239786856128,0.000355239786856128,0.781882770870338,0.000355239786856128,0.000355239786856128,0.000355239786856128,0.213499111900533,0.000355239786856128,0.000355239786856128,0.000355239786856128
DCDL-0017226,0.000858369098712446,0.687553648068669,0.000858369098712446,0.000858369098712446,0.000858369098712446,0.301287553648069,0.000858369098712446,0.000858369098712446,0.000858369098712446,0.000858369098712446,0.000858369098712446,0.000858369098712446,0.000858369098712446,0.000858369098712446,0.000858369098712446
DCDL-0017213,0.269955156950673,0.000896860986547085,0.000896860986547085,0.000896860986547085,0.539013452914798,0.000896860986547085,0.000896860986547085,0.000896860986547085,0.000896860986547085,0.000896860986547085,0.000896860986547085,0.000896860986547085,0.000896860986547085,0.000896860986547085,0.180269058295964
DCDL-0017181,0.000790513833992095,0.000790513833992095,0.000790513833992095,0.198418972332016,0.000790513833992095,0.000790513833992095,0.000790513833992095,0.000790513833992095,0.791304347826087,0.000790513833992095,0.000790513833992095,0.000790513833992095,0.000790513833992095,0.000790513833992095,0.000790513833992095
DCDL-0017200,0.0013986013986014,0.0013986013986014,0.0013986013986014,0.0013986013986014,0.0013986013986014,0.0013986013986014,0.0013986013986014,0.0013986013986014,0.770629370629371,0.0013986013986014,0.0013986013986014,0.0013986013986014,0.0013986013986014,0.211188811188811,0.0013986013986014
DCDL-0017147,0.000706713780918728,0.000706713780918728,0.000706713780918728,0.000706713780918728,0.000706713780918728,0.000706713780918728,0.000706713780918728,0.000706713780918728,0.990106007067138,0.000706713780918728,0.000706713780918728,0.000706713780918728,0.000706713780918728,0.000706713780918728,0.000706713780918728
DCDL-0017160,0.0866952789699571,0.000858369098712447,0.000858369098712447,0.000858369098712447,0.000858369098712447,0.000858369098712447,0.000858369098712447,0.000858369098712447,0.51587982832618,0.000858369098712447,0.000858369098712447,0.172532188841202,0.000858369098712447,0.000858369098712447,0.215450643776824
DCDL-0017208,0.000496277915632754,0.000496277915632754,0.000496277915632754,0.000496277915632754,0.000496277915632754,0.0749379652605459,0.000496277915632754,0.174193548387097,0.000496277915632754,0.000496277915632754,0.000496277915632754,0.000496277915632754,0.223821339950372,0.000496277915632754,0.521588089330025
DCDL-0017164,0.329577464788732,0.000938967136150235,0.000938967136150235,0.000938967136150235,0.000938967136150235,0.000938967136150235,0.000938967136150235,0.000938967136150235,0.658215962441315,0.000938967136150235,0.000938967136150235,0.000938967136150235,0.000938967136150235,0.000938967136150235,0.000938967136150235
DCDL-0017230,0.00032626427406199,0.00032626427406199,0.00032626427406199,0.00032626427406199,0.00032626427406199,0.750734094616639,0.00032626427406199,0.00032626427406199,0.245024469820555,0.00032626427406199,0.00032626427406199,0.00032626427406199,0.00032626427406199,0.00032626427406199,0.00032626427406199
DCDL-0017307,0.0881405563689605,0.000292825768667643,0.000292825768667643,0.000292825768667643,0.000292825768667643,0.761639824304539,0.000292825768667643,0.000292825768667643,0.146705710102489,0.000292825768667643,0.000292825768667643,0.000292825768667643,0.000292825768667643,0.000292825768667643,0.000292825768667643
DCDL-0017217,0.00056657223796034,0.00056657223796034,0.00056657223796034,0.00056657223796034,0.00056657223796034,0.113881019830028,0.00056657223796034,0.00056657223796034,0.00056657223796034,0.312181303116147,0.00056657223796034,0.170538243626062,0.397167138810198,0.00056657223796034,0.00056657223796034
DCDL-0017170,0.000732600732600733,0.000732600732600733,0.000732600732600733,0.000732600732600733,0.000732600732600733,0.000732600732600733,0.000732600732600733,0.000732600732600733,0.403663003663004,0.000732600732600733,0.000732600732600733,0.476923076923077,0.000732600732600733,0.110622710622711,0.000732600732600733
DCDL-0017157,0.00066006600660066,0.00066006600660066,0.00066006600660066,0.00066006600660066,0.00066006600660066,0.00066006600660066,0.00066006600660066,0.00066006600660066,0.990759075907591,0.00066006600660066,0.00066006600660066,0.00066006600660066,0.00066006600660066,0.00066006600660066,0.00066006600660066
DCDL-0017207,0.000301659125188537,0.000301659125188537,0.000301659125188537,0.000301659125188537,0.000301659125188537,0.000301659125188537,0.000301659125188537,0.679034690799397,0.000301659125188537,0.000301659125188537,0.000301659125188537,0.317043740573152,0.000301659125188537,0.000301659125188537,0.000301659125188537
DCDL-0017246,0.000638977635782748,0.0964856230031949,0.000638977635782748,0.000638977635782748,0.000638977635782748,0.000638977635782748,0.000638977635782748,0.000638977635782748,0.799361022364217,0.000638977635782748,0.000638977635782748,0.000638977635782748,0.000638977635782748,0.0964856230031949,0.000638977635782748
DCDL-0017223,0.00122699386503067,0.246625766871166,0.00122699386503067,0.00122699386503067,0.00122699386503067,0.00122699386503067,0.00122699386503067,0.00122699386503067,0.00122699386503067,0.00122699386503067,0.00122699386503067,0.00122699386503067,0.00122699386503067,0.737423312883436,0.00122699386503067
DCDL-0017166,0.000422832980972516,0.380972515856237,0.000422832980972516,0.000422832980972516,0.000422832980972516,0.000422832980972516,0.000422832980972516,0.000422832980972516,0.613530655391121,0.000422832980972516,0.000422832980972516,0.000422832980972516,0.000422832980972516,0.000422832980972516,0.000422832980972516
DCDL-0017216,0.0013986013986014,0.0013986013986014,0.0013986013986014,0.0013986013986014,0.0013986013986014,0.0013986013986014,0.0013986013986014,0.0013986013986014,0.0013986013986014,0.420979020979021,0.0013986013986014,0.351048951048951,0.211188811188811,0.0013986013986014,0.0013986013986014
DCDL-0017162,0.000451467268623025,0.000451467268623025,0.000451467268623025,0.293905191873589,0.000451467268623025,0.000451467268623025,0.000451467268623025,0.248758465011287,0.31647855530474,0.000451467268623025,0.000451467268623025,0.000451467268623025,0.000451467268623025,0.000451467268623025,0.13589164785553
DCDL-0017231,0.000732600732600733,0.000732600732600733,0.000732600732600733,0.000732600732600733,0.000732600732600733,0.000732600732600733,0.000732600732600733,0.0373626373626374,0.183882783882784,0.000732600732600733,0.000732600732600733,0.000732600732600733,0.110622710622711,0.293772893772894,0.367032967032967
DCDL-0017159,0.000431965442764579,0.000431965442764579,0.000431965442764579,0.000431965442764579,0.000431965442764579,0.000431965442764579,0.000431965442764579,0.000431965442764579,0.842764578833693,0.000431965442764579,0.000431965442764579,0.151619870410367,0.000431965442764579,0.000431965442764579,0.000431965442764579
DCDL-0017211,0.00109289617486339,0.438251366120219,0.547540983606557,0.00109289617486339,0.00109289617486339,0.00109289617486339,0.00109289617486339,0.00109289617486339,0.00109289617486339,0.00109289617486339,0.00109289617486339,0.00109289617486339,0.00109289617486339,0.00109289617486339,0.00109289617486339
DCDL-0017187,0.000451467268623025,0.000451467268623025,0.000451467268623025,0.0230248306997743,0.000451467268623025,0.000451467268623025,0.000451467268623025,0.000451467268623025,0.000451467268623025,0.000451467268623025,0.000451467268623025,0.000451467268623025,0.000451467268623025,0.971106094808126,0.000451467268623025
DCDL-0017177,0.00066006600660066,0.00066006600660066,0.00066006600660066,0.132673267326733,0.00066006600660066,0.00066006600660066,0.00066006600660066,0.00066006600660066,0.693729372937294,0.00066006600660066,0.00066006600660066,0.165676567656766,0.00066006600660066,0.00066006600660066,0.00066006600660066
DCDL-0017229,0.000896860986547085,0.000896860986547085,0.000896860986547085,0.000896860986547085,0.000896860986547085,0.225112107623318,0.000896860986547085,0.000896860986547085,0.000896860986547085,0.000896860986547085,0.000896860986547085,0.404484304932735,0.000896860986547085,0.0905829596412556,0.269955156950673
DCDL-0017150,0.000619195046439629,0.000619195046439629,0.000619195046439629,0.000619195046439629,0.000619195046439629,0.000619195046439629,0.000619195046439629,0.000619195046439629,0.619814241486068,0.000619195046439629,0.000619195046439629,0.186377708978328,0.124458204334365,0.0625386996904025,0.000619195046439629
DCDL-0017255,0.296551724137931,0.000985221674876847,0.000985221674876847,0.000985221674876847,0.000985221674876847,0.000985221674876847,0.000985221674876847,0.69064039408867,0.000985221674876847,0.000985221674876847,0.000985221674876847,0.000985221674876847,0.000985221674876847,0.000985221674876847,0.000985221674876847
DCDL-0017263,0.0253101736972705,0.149379652605459,0.000496277915632754,0.000496277915632754,0.000496277915632754,0.000496277915632754,0.000496277915632754,0.471960297766749,0.000496277915632754,0.000496277915632754,0.000496277915632754,0.124565756823821,0.000496277915632754,0.000496277915632754,0.223821339950372
DCDL-0016946,0.00150375939849624,0.00150375939849624,0.00150375939849624,0.00150375939849624,0.00150375939849624,0.00150375939849624,0.00150375939849624,0.0766917293233083,0.00150375939849624,0.00150375939849624,0.00150375939849624,0.753383458646617,0.00150375939849624,0.00150375939849624,0.15187969924812
DCDL-0018016,0.000583090379008746,0.000583090379008746,0.000583090379008746,0.0880466472303207,0.000583090379008746,0.000583090379008746,0.000583090379008746,0.000583090379008746,0.000583090379008746,0.583673469387755,0.000583090379008746,0.20466472303207,0.000583090379008746,0.117201166180758,0.000583090379008746
DCDL-0017277,0.000484261501210654,0.000484261501210654,0.000484261501210654,0.000484261501210654,0.000484261501210654,0.26682808716707,0.000484261501210654,0.0246973365617433,0.000484261501210654,0.169975786924939,0.000484261501210654,0.53317191283293,0.000484261501210654,0.000484261501210654,0.000484261501210654
DCDL-0017232,0.00130718954248366,0.00130718954248366,0.00130718954248366,0.00130718954248366,0.981699346405229,0.00130718954248366,0.00130718954248366,0.00130718954248366,0.00130718954248366,0.00130718954248366,0.00130718954248366,0.00130718954248366,0.00130718954248366,0.00130718954248366,0.00130718954248366
DCDL-0017264,0.00066006600660066,0.00066006600660066,0.00066006600660066,0.00066006600660066,0.00066006600660066,0.00066006600660066,0.00066006600660066,0.00066006600660066,0.00066006600660066,0.594719471947195,0.00066006600660066,0.00066006600660066,0.00066006600660066,0.00066006600660066,0.396699669966997
DCDL-0017271,0.00109289617486339,0.00109289617486339,0.00109289617486339,0.00109289617486339,0.00109289617486339,0.00109289617486339,0.00109289617486339,0.00109289617486339,0.00109289617486339,0.00109289617486339,0.00109289617486339,0.492896174863388,0.438251366120219,0.0557377049180328,0.00109289617486339
DCDL-0017242,0.000583090379008746,0.000583090379008746,0.000583090379008746,0.262973760932945,0.000583090379008746,0.000583090379008746,0.000583090379008746,0.000583090379008746,0.000583090379008746,0.437900874635569,0.000583090379008746,0.000583090379008746,0.000583090379008746,0.292128279883382,0.000583090379008746
DCDL-0017292,0.00066006600660066,0.0666666666666667,0.00066006600660066,0.00066006600660066,0.00066006600660066,0.00066006600660066,0.00066006600660066,0.198679867986799,0.00066006600660066,0.00066006600660066,0.00066006600660066,0.726732673267327,0.00066006600660066,0.00066006600660066,0.00066006600660066
DCDL-0017288,0.00115606936416185,0.00115606936416185,0.00115606936416185,0.00115606936416185,0.00115606936416185,0.00115606936416185,0.00115606936416185,0.347976878612717,0.636994219653179,0.00115606936416185,0.00115606936416185,0.00115606936416185,0.00115606936416185,0.00115606936416185,0.00115606936416185
DCDL-0017165,0.00041407867494824,0.455900621118012,0.00041407867494824,0.00041407867494824,0.00041407867494824,0.00041407867494824,0.00041407867494824,0.00041407867494824,0.53871635610766,0.00041407867494824,0.00041407867494824,0.00041407867494824,0.00041407867494824,0.00041407867494824,0.00041407867494824
DCDL-0017521,0.00041407867494824,0.00041407867494824,0.0625258799171843,0.00041407867494824,0.662939958592133,0.00041407867494824,0.00041407867494824,0.00041407867494824,0.00041407867494824,0.12463768115942,0.0418219461697723,0.00041407867494824,0.103933747412008,0.00041407867494824,0.00041407867494824
DCDL-0021510,0.000550964187327824,0.000550964187327824,0.579063360881543,0.000550964187327824,0.000550964187327824,0.000550964187327824,0.000550964187327824,0.000550964187327824,0.000550964187327824,0.413774104683196,0.000550964187327824,0.000550964187327824,0.000550964187327824,0.000550964187327824,0.000550964187327824
DCDL-0019379,0.00122699386503067,0.185276073619632,0.492024539877301,0.00122699386503067,0.00122699386503067,0.00122699386503067,0.00122699386503067,0.00122699386503067,0.00122699386503067,0.00122699386503067,0.246625766871166,0.0625766871165644,0.00122699386503067,0.00122699386503067,0.00122699386503067
DCDL-0019836,0.000760456273764259,0.000760456273764259,0.000760456273764259,0.000760456273764259,0.000760456273764259,0.000760456273764259,0.000760456273764259,0.000760456273764259,0.000760456273764259,0.000760456273764259,0.000760456273764259,0.9893536121673,0.000760456273764259,0.000760456273764259,0.000760456273764259
DCDL-0019272,0.00109289617486339,0.165027322404372,0.00109289617486339,0.00109289617486339,0.00109289617486339,0.0557377049180328,0.00109289617486339,0.00109289617486339,0.165027322404372,0.00109289617486339,0.00109289617486339,0.602185792349727,0.00109289617486339,0.00109289617486339,0.00109289617486339
DCDL-0019633,0.000858369098712446,0.000858369098712446,0.000858369098712446,0.000858369098712446,0.000858369098712446,0.000858369098712446,0.000858369098712446,0.000858369098712446,0.000858369098712446,0.387124463519313,0.0866952789699571,0.51587982832618,0.000858369098712446,0.000858369098712446,0.000858369098712446
DCDL-0018823,0.119367588932806,0.0798418972332016,0.000790513833992095,0.000790513833992095,0.000790513833992095,0.000790513833992095,0.000790513833992095,0.000790513833992095,0.000790513833992095,0.000790513833992095,0.000790513833992095,0.31699604743083,0.000790513833992095,0.475098814229249,0.000790513833992095
DCDL-0018264,0.00109289617486339,0.00109289617486339,0.00109289617486339,0.00109289617486339,0.00109289617486339,0.00109289617486339,0.00109289617486339,0.00109289617486339,0.0557377049180328,0.930054644808743,0.00109289617486339,0.00109289617486339,0.00109289617486339,0.00109289617486339,0.00109289617486339
DCDL-0018751,0.000706713780918728,0.354063604240283,0.000706713780918728,0.000706713780918728,0.000706713780918728,0.000706713780918728,0.000706713780918728,0.000706713780918728,0.000706713780918728,0.000706713780918728,0.000706713780918728,0.424734982332156,0.212720848056537,0.000706713780918728,0.000706713780918728
DCDL-0017276,0.000522193211488251,0.000522193211488251,0.0788511749347258,0.000522193211488251,0.000522193211488251,0.000522193211488251,0.000522193211488251,0.000522193211488251,0.000522193211488251,0.548825065274151,0.000522193211488251,0.313838120104439,0.000522193211488251,0.000522193211488251,0.0527415143603133
DCDL-0017228,0.0021505376344086,0.96989247311828,0.0021505376344086,0.0021505376344086,0.0021505376344086,0.0021505376344086,0.0021505376344086,0.0021505376344086,0.0021505376344086,0.0021505376344086,0.0021505376344086,0.0021505376344086,0.0021505376344086,0.0021505376344086,0.0021505376344086
DCDL-0017813,0.00103626943005181,0.62279792746114,0.00103626943005181,0.00103626943005181,0.00103626943005181,0.00103626943005181,0.00103626943005181,0.00103626943005181,0.156476683937824,0.00103626943005181,0.00103626943005181,0.00103626943005181,0.104663212435233,0.00103626943005181,0.104663212435233
DCDL-0017504,0.000823045267489712,0.247736625514403,0.000823045267489712,0.000823045267489712,0.000823045267489712,0.000823045267489712,0.494650205761317,0.000823045267489712,0.0419753086419753,0.000823045267489712,0.000823045267489712,0.000823045267489712,0.000823045267489712,0.000823045267489712,0.206584362139918
DCDL-0018401,0.00068259385665529,0.00068259385665529,0.00068259385665529,0.00068259385665529,0.00068259385665529,0.00068259385665529,0.00068259385665529,0.751535836177474,0.00068259385665529,0.00068259385665529,0.00068259385665529,0.239590443686007,0.00068259385665529,0.00068259385665529,0.00068259385665529
DCDL-0017366,0.000706713780918728,0.000706713780918728,0.000706713780918728,0.000706713780918728,0.000706713780918728,0.000706713780918728,0.000706713780918728,0.000706713780918728,0.0360424028268551,0.000706713780918728,0.000706713780918728,0.601413427561837,0.354063604240283,0.000706713780918728,0.000706713780918728
DCDL-0017304,0.322252010723861,0.000536193029490617,0.000536193029490617,0.000536193029490617,0.000536193029490617,0.000536193029490617,0.000536193029490617,0.000536193029490617,0.000536193029490617,0.000536193029490617,0.375871313672922,0.000536193029490617,0.000536193029490617,0.29544235924933,0.000536193029490617
DCDL-0018142,0.00056657223796034,0.00056657223796034,0.00056657223796034,0.00056657223796034,0.00056657223796034,0.198866855524079,0.00056657223796034,0.00056657223796034,0.00056657223796034,0.340509915014164,0.00056657223796034,0.00056657223796034,0.453824362606232,0.00056657223796034,0.00056657223796034
DCDL-0019591,0.0013986013986014,0.0013986013986014,0.0013986013986014,0.0013986013986014,0.0013986013986014,0.0013986013986014,0.0013986013986014,0.0013986013986014,0.0713286713286713,0.211188811188811,0.0713286713286713,0.560839160839161,0.0713286713286713,0.0013986013986014,0.0013986013986014
DCDL-0017247,0.00130718954248366,0.00130718954248366,0.00130718954248366,0.00130718954248366,0.00130718954248366,0.00130718954248366,0.00130718954248366,0.00130718954248366,0.00130718954248366,0.00130718954248366,0.00130718954248366,0.197385620915033,0.78562091503268,0.00130718954248366,0.00130718954248366
DCDL-0018184,0.445871559633028,0.000262123197903014,0.000262123197903014,0.000262123197903014,0.000262123197903014,0.000262123197903014,0.000262123197903014,0.000262123197903014,0.000262123197903014,0.288597640891219,0.000262123197903014,0.000262123197903014,0.262385321100917,0.000262123197903014,0.000262123197903014
DCDL-0017338,0.35364238410596,0.000441501103752759,0.000441501103752759,0.000441501103752759,0.000441501103752759,0.000441501103752759,0.110816777041943,0.000441501103752759,0.0445916114790287,0.221192052980132,0.000441501103752759,0.265342163355408,0.000441501103752759,0.000441501103752759,0.000441501103752759
DCDL-0018584,0.0934984520123839,0.000619195046439629,0.000619195046439629,0.000619195046439629,0.000619195046439629,0.000619195046439629,0.000619195046439629,0.000619195046439629,0.000619195046439629,0.279256965944272,0.0315789473684211,0.372136222910217,0.21733746130031,0.000619195046439629,0.000619195046439629
DCDL-0017904,0.000550964187327824,0.000550964187327824,0.000550964187327824,0.000550964187327824,0.000550964187327824,0.000550964187327824,0.000550964187327824,0.000550964187327824,0.0556473829201102,0.220936639118457,0.000550964187327824,0.386225895316804,0.193388429752066,0.138292011019284,0.000550964187327824
DCDL-0017953,0.00130718954248366,0.524183006535948,0.00130718954248366,0.00130718954248366,0.00130718954248366,0.00130718954248366,0.00130718954248366,0.262745098039216,0.00130718954248366,0.00130718954248366,0.00130718954248366,0.00130718954248366,0.13202614379085,0.0666666666666667,0.00130718954248366
DCDL-0017827,0.00150375939849624,0.00150375939849624,0.00150375939849624,0.00150375939849624,0.227067669172932,0.00150375939849624,0.00150375939849624,0.00150375939849624,0.00150375939849624,0.753383458646617,0.00150375939849624,0.00150375939849624,0.00150375939849624,0.00150375939849624,0.00150375939849624
DCDL-0017938,0.000550964187327824,0.000550964187327824,0.000550964187327824,0.000550964187327824,0.138292011019284,0.000550964187327824,0.000550964187327824,0.000550964187327824,0.000550964187327824,0.000550964187327824,0.000550964187327824,0.165840220385675,0.689256198347107,0.000550964187327824,0.000550964187327824
DCDL-0019861,0.0021505376344086,0.0021505376344086,0.0021505376344086,0.0021505376344086,0.0021505376344086,0.109677419354839,0.0021505376344086,0.0021505376344086,0.0021505376344086,0.86236559139785,0.0021505376344086,0.0021505376344086,0.0021505376344086,0.0021505376344086,0.0021505376344086
DCDL-0017889,0.000484261501210654,0.000484261501210654,0.000484261501210654,0.000484261501210654,0.000484261501210654,0.363680387409201,0.0973365617433414,0.000484261501210654,0.000484261501210654,0.53317191283293,0.000484261501210654,0.000484261501210654,0.000484261501210654,0.000484261501210654,0.000484261501210654
DCDL-0017306,0.000706713780918728,0.000706713780918728,0.000706713780918728,0.000706713780918728,0.000706713780918728,0.000706713780918728,0.000706713780918728,0.000706713780918728,0.000706713780918728,0.0360424028268551,0.0360424028268551,0.000706713780918728,0.000706713780918728,0.919434628975265,0.000706713780918728
DCDL-0017511,0.000619195046439628,0.000619195046439628,0.000619195046439628,0.000619195046439628,0.000619195046439628,0.000619195046439628,0.000619195046439628,0.000619195046439628,0.000619195046439628,0.991331269349845,0.000619195046439628,0.000619195046439628,0.000619195046439628,0.000619195046439628,0.000619195046439628
DCDL-0019825,0.000760456273764259,0.000760456273764259,0.000760456273764259,0.000760456273764259,0.000760456273764259,0.000760456273764259,0.000760456273764259,0.000760456273764259,0.0768060836501901,0.875285171102662,0.000760456273764259,0.000760456273764259,0.0387832699619772,0.000760456273764259,0.000760456273764259
DCDL-0018512,0.000536193029490617,0.000536193029490617,0.000536193029490617,0.000536193029490617,0.0273458445040215,0.000536193029490617,0.215013404825737,0.000536193029490617,0.000536193029490617,0.29544235924933,0.000536193029490617,0.241823056300268,0.000536193029490617,0.215013404825737,0.000536193029490617
DCDL-0017287,0.0187845303867403,0.000368324125230203,0.000368324125230203,0.000368324125230203,0.000368324125230203,0.000368324125230203,0.000368324125230203,0.000368324125230203,0.000368324125230203,0.000368324125230203,0.000368324125230203,0.0372007366482505,0.516022099447514,0.350276243093923,0.0740331491712707
DCDL-0017611,0.000484261501210654,0.000484261501210654,0.000484261501210654,0.000484261501210654,0.0973365617433414,0.605811138014528,0.000484261501210654,0.000484261501210654,0.000484261501210654,0.000484261501210654,0.000484261501210654,0.291041162227603,0.000484261501210654,0.000484261501210654,0.000484261501210654
DCDL-0017773,0.000337268128161889,0.0677908937605396,0.303878583473862,0.000337268128161889,0.202698145025295,0.000337268128161889,0.000337268128161889,0.000337268128161889,0.000337268128161889,0.000337268128161889,0.0172006745362563,0.405059021922428,0.000337268128161889,0.000337268128161889,0.000337268128161889
DCDL-0018335,0.403095975232198,0.000619195046439629,0.000619195046439629,0.000619195046439629,0.000619195046439629,0.000619195046439629,0.000619195046439629,0.000619195046439629,0.000619195046439629,0.000619195046439629,0.000619195046439629,0.341176470588235,0.248297213622291,0.000619195046439629,0.000619195046439629
DCDL-0021212,0.00150375939849624,0.00150375939849624,0.00150375939849624,0.00150375939849624,0.00150375939849624,0.00150375939849624,0.00150375939849624,0.00150375939849624,0.452631578947368,0.00150375939849624,0.00150375939849624,0.52781954887218,0.00150375939849624,0.00150375939849624,0.00150375939849624
DCDL-0021526,0.66007326007326,0.0373626373626374,0.000732600732600733,0.000732600732600733,0.000732600732600733,0.000732600732600733,0.000732600732600733,0.000732600732600733,0.000732600732600733,0.000732600732600733,0.000732600732600733,0.293772893772894,0.000732600732600733,0.000732600732600733,0.000732600732600733
DCDL-0018444,0.297033158813264,0.000349040139616056,0.122513089005236,0.000349040139616056,0.000349040139616056,0.000349040139616056,0.000349040139616056,0.0701570680628272,0.000349040139616056,0.000349040139616056,0.000349040139616056,0.297033158813264,0.000349040139616056,0.000349040139616056,0.20977312390925
DCDL-0021521,0.31699604743083,0.000790513833992095,0.000790513833992095,0.119367588932806,0.000790513833992095,0.000790513833992095,0.000790513833992095,0.000790513833992095,0.000790513833992095,0.000790513833992095,0.000790513833992095,0.000790513833992095,0.000790513833992095,0.554150197628459,0.000790513833992095
DCDL-0017376,0.000732600732600733,0.000732600732600733,0.000732600732600733,0.000732600732600733,0.000732600732600733,0.147252747252747,0.000732600732600733,0.000732600732600733,0.000732600732600733,0.000732600732600733,0.000732600732600733,0.696703296703297,0.000732600732600733,0.147252747252747,0.000732600732600733
DCDL-0017525,0.000431965442764579,0.000431965442764579,0.000431965442764579,0.000431965442764579,0.000431965442764579,0.993952483801296,0.000431965442764579,0.000431965442764579,0.000431965442764579,0.000431965442764579,0.000431965442764579,0.000431965442764579,0.000431965442764579,0.000431965442764579,0.000431965442764579
DCDL-0019328,0.0625766871165644,0.00122699386503068,0.00122699386503068,0.00122699386503068,0.307975460122699,0.307975460122699,0.00122699386503068,0.00122699386503068,0.00122699386503068,0.00122699386503068,0.00122699386503068,0.307975460122699,0.00122699386503068,0.00122699386503068,0.00122699386503068
DCDL-0017261,0.00056657223796034,0.00056657223796034,0.00056657223796034,0.00056657223796034,0.28385269121813,0.00056657223796034,0.00056657223796034,0.00056657223796034,0.00056657223796034,0.00056657223796034,0.00056657223796034,0.00056657223796034,0.00056657223796034,0.708781869688385,0.00056657223796034
DCDL-0017985,0.000382409177820268,0.115105162523901,0.000382409177820268,0.000382409177820268,0.287189292543021,0.0577437858508604,0.000382409177820268,0.038623326959847,0.000382409177820268,0.000382409177820268,0.000382409177820268,0.000382409177820268,0.000382409177820268,0.0959847036328872,0.401912045889101
DCDL-0017437,0.0714031971580817,0.000355239786856128,0.000355239786856128,0.000355239786856128,0.000355239786856128,0.799644760213144,0.124689165186501,0.000355239786856128,0.000355239786856128,0.000355239786856128,0.000355239786856128,0.000355239786856128,0.000355239786856128,0.000355239786856128,0.000355239786856128
DCDL-0021213,0.08760907504363,0.0352530541012216,0.174869109947644,0.000349040139616056,0.000349040139616056,0.0178010471204188,0.000349040139616056,0.279581151832461,0.0701570680628272,0.000349040139616056,0.000349040139616056,0.000349040139616056,0.000349040139616056,0.000349040139616056,0.331937172774869
DCDL-0019399,0.00109289617486339,0.00109289617486339,0.00109289617486339,0.00109289617486339,0.00109289617486339,0.32896174863388,0.00109289617486339,0.00109289617486339,0.00109289617486339,0.32896174863388,0.00109289617486339,0.165027322404372,0.165027322404372,0.00109289617486339,0.00109289617486339
DCDL-0018166,0.764120781527531,0.0181172291296625,0.000355239786856128,0.000355239786856128,0.000355239786856128,0.000355239786856128,0.0358792184724689,0.000355239786856128,0.000355239786856128,0.000355239786856128,0.000355239786856128,0.000355239786856128,0.17797513321492,0.000355239786856128,0.000355239786856128
DCDL-0018970,0.000760456273764259,0.000760456273764259,0.000760456273764259,0.000760456273764259,0.000760456273764259,0.000760456273764259,0.000760456273764259,0.000760456273764259,0.000760456273764259,0.000760456273764259,0.000760456273764259,0.000760456273764259,0.913307984790874,0.0768060836501901,0.000760456273764259
DCDL-0017275,0.00066006600660066,0.00066006600660066,0.00066006600660066,0.00066006600660066,0.00066006600660066,0.00066006600660066,0.00066006600660066,0.00066006600660066,0.00066006600660066,0.297689768976898,0.00066006600660066,0.693729372937294,0.00066006600660066,0.00066006600660066,0.00066006600660066
DCDL-0018089,0.00103626943005181,0.00103626943005181,0.00103626943005181,0.00103626943005181,0.00103626943005181,0.00103626943005181,0.00103626943005181,0.00103626943005181,0.00103626943005181,0.00103626943005181,0.156476683937824,0.830051813471503,0.00103626943005181,0.00103626943005181,0.00103626943005181
DCDL-0018331,0.000896860986547085,0.494170403587444,0.000896860986547085,0.000896860986547085,0.000896860986547085,0.000896860986547085,0.000896860986547085,0.000896860986547085,0.000896860986547085,0.000896860986547085,0.000896860986547085,0.494170403587444,0.000896860986547085,0.000896860986547085,0.000896860986547085
DCDL-0018215,0.00130718954248366,0.00130718954248366,0.00130718954248366,0.00130718954248366,0.00130718954248366,0.00130718954248366,0.00130718954248366,0.00130718954248366,0.00130718954248366,0.981699346405229,0.00130718954248366,0.00130718954248366,0.00130718954248366,0.00130718954248366,0.00130718954248366
DCDL-0018021,0.00068259385665529,0.00068259385665529,0.171331058020478,0.0348122866894198,0.0348122866894198,0.103071672354949,0.00068259385665529,0.00068259385665529,0.00068259385665529,0.649146757679181,0.00068259385665529,0.00068259385665529,0.00068259385665529,0.00068259385665529,0.00068259385665529
DCDL-0018087,0.000760456273764259,0.380988593155894,0.000760456273764259,0.000760456273764259,0.000760456273764259,0.000760456273764259,0.000760456273764259,0.000760456273764259,0.000760456273764259,0.000760456273764259,0.304942965779468,0.304942965779468,0.000760456273764259,0.000760456273764259,0.000760456273764259
DCDL-0021505,0.0021505376344086,0.0021505376344086,0.0021505376344086,0.0021505376344086,0.0021505376344086,0.0021505376344086,0.0021505376344086,0.0021505376344086,0.539784946236559,0.432258064516129,0.0021505376344086,0.0021505376344086,0.0021505376344086,0.0021505376344086,0.0021505376344086
DCDL-0018028,0.000405679513184584,0.000405679513184584,0.000405679513184584,0.000405679513184584,0.000405679513184584,0.000405679513184584,0.000405679513184584,0.487221095334686,0.000405679513184584,0.36551724137931,0.142393509127789,0.000405679513184584,0.000405679513184584,0.000405679513184584,0.000405679513184584
DCDL-0018169,0.000405679513184584,0.000405679513184584,0.000405679513184584,0.000405679513184584,0.000405679513184584,0.000405679513184584,0.000405679513184584,0.000405679513184584,0.000405679513184584,0.304665314401623,0.142393509127789,0.000405679513184584,0.548073022312373,0.000405679513184584,0.000405679513184584
DCDL-0018259,0.000195503421309873,0.000195503421309873,0.00997067448680352,0.000195503421309873,0.000195503421309873,0.000195503421309873,0.000195503421309873,0.000195503421309873,0.0295210166177908,0.000195503421309873,0.958162267839687,0.000195503421309873,0.000195503421309873,0.000195503421309873,0.000195503421309873
DCDL-0018168,0.000522193211488251,0.000522193211488251,0.000522193211488251,0.000522193211488251,0.000522193211488251,0.000522193211488251,0.000522193211488251,0.000522193211488251,0.000522193211488251,0.392167101827676,0.000522193211488251,0.000522193211488251,0.522715404699739,0.0788511749347258,0.000522193211488251
DCDL-0018587,0.000619195046439629,0.000619195046439629,0.000619195046439629,0.000619195046439629,0.000619195046439629,0.557894736842105,0.000619195046439629,0.000619195046439629,0.124458204334365,0.000619195046439629,0.0315789473684211,0.21733746130031,0.000619195046439629,0.000619195046439629,0.0625386996904025
DCDL-0017341,0.00109289617486339,0.00109289617486339,0.00109289617486339,0.00109289617486339,0.00109289617486339,0.00109289617486339,0.00109289617486339,0.00109289617486339,0.00109289617486339,0.00109289617486339,0.00109289617486339,0.984699453551912,0.00109289617486339,0.00109289617486339,0.00109289617486339
DCDL-0018889,0.000823045267489712,0.000823045267489712,0.000823045267489712,0.000823045267489712,0.000823045267489712,0.000823045267489712,0.000823045267489712,0.000823045267489712,0.000823045267489712,0.000823045267489712,0.000823045267489712,0.535802469135802,0.453497942386831,0.000823045267489712,0.000823045267489712
DCDL-0021217,0.000496277915632754,0.000496277915632754,0.124565756823821,0.000496277915632754,0.000496277915632754,0.323076923076923,0.000496277915632754,0.000496277915632754,0.000496277915632754,0.000496277915632754,0.000496277915632754,0.000496277915632754,0.546401985111663,0.000496277915632754,0.000496277915632754
DCDL-0021184,0.00176991150442478,0.00176991150442478,0.00176991150442478,0.00176991150442478,0.00176991150442478,0.00176991150442478,0.00176991150442478,0.00176991150442478,0.267256637168142,0.00176991150442478,0.00176991150442478,0.621238938053097,0.0902654867256637,0.00176991150442478,0.00176991150442478
DCDL-0018082,0.00122699386503067,0.98282208588957,0.00122699386503067,0.00122699386503067,0.00122699386503067,0.00122699386503067,0.00122699386503067,0.00122699386503067,0.00122699386503067,0.00122699386503067,0.00122699386503067,0.00122699386503067,0.00122699386503067,0.00122699386503067,0.00122699386503067
DCDL-0018123,0.000600600600600601,0.000600600600600601,0.000600600600600601,0.000600600600600601,0.000600600600600601,0.000600600600600601,0.000600600600600601,0.000600600600600601,0.000600600600600601,0.781381381381381,0.000600600600600601,0.000600600600600601,0.210810810810811,0.000600600600600601,0.000600600600600601
DCDL-0018627,0.000896860986547085,0.0457399103139013,0.000896860986547085,0.000896860986547085,0.000896860986547085,0.000896860986547085,0.000896860986547085,0.000896860986547085,0.000896860986547085,0.539013452914798,0.000896860986547085,0.269955156950673,0.000896860986547085,0.000896860986547085,0.13542600896861
DCDL-0021206,0.00130718954248366,0.00130718954248366,0.654901960784314,0.00130718954248366,0.00130718954248366,0.00130718954248366,0.00130718954248366,0.00130718954248366,0.00130718954248366,0.00130718954248366,0.00130718954248366,0.328104575163399,0.00130718954248366,0.00130718954248366,0.00130718954248366
DCDL-0018068,0.875218658892128,0.000583090379008746,0.000583090379008746,0.000583090379008746,0.000583090379008746,0.000583090379008746,0.000583090379008746,0.000583090379008746,0.000583090379008746,0.000583090379008746,0.000583090379008746,0.000583090379008746,0.117201166180758,0.000583090379008746,0.000583090379008746
DCDL-0018834,0.000985221674876847,0.000985221674876847,0.000985221674876847,0.000985221674876847,0.000985221674876847,0.000985221674876847,0.000985221674876847,0.000985221674876847,0.000985221674876847,0.345812807881773,0.148768472906404,0.000985221674876847,0.4935960591133,0.000985221674876847,0.000985221674876847
DCDL-0017290,0.00103626943005181,0.00103626943005181,0.00103626943005181,0.104663212435233,0.00103626943005181,0.00103626943005181,0.00103626943005181,0.00103626943005181,0.104663212435233,0.00103626943005181,0.00103626943005181,0.467357512953368,0.00103626943005181,0.00103626943005181,0.311917098445596
DCDL-0018510,0.000760456273764259,0.000760456273764259,0.000760456273764259,0.000760456273764259,0.000760456273764259,0.000760456273764259,0.000760456273764259,0.000760456273764259,0.000760456273764259,0.342965779467681,0.000760456273764259,0.000760456273764259,0.000760456273764259,0.000760456273764259,0.647148288973384
DCDL-0019544,0.181038374717833,0.000451467268623025,0.271331828442438,0.000451467268623025,0.000451467268623025,0.158465011286682,0.113318284424379,0.000451467268623025,0.0230248306997743,0.000451467268623025,0.000451467268623025,0.000451467268623025,0.000451467268623025,0.248758465011287,0.000451467268623025
DCDL-0018678,0.000315955766192733,0.000315955766192733,0.000315955766192733,0.000315955766192733,0.126698262243286,0.411058451816746,0.000315955766192733,0.000315955766192733,0.000315955766192733,0.079304897314376,0.000315955766192733,0.268878357030016,0.110900473933649,0.000315955766192733,0.000315955766192733
DCDL-0017309,0.000265604249667995,0.000265604249667995,0.000265604249667995,0.0135458167330677,0.000265604249667995,0.0401062416998672,0.000265604249667995,0.690836653386454,0.0932270916334661,0.0932270916334661,0.000265604249667995,0.0666666666666667,0.000265604249667995,0.000265604249667995,0.000265604249667995
DCDL-0018084,0.607667731629393,0.0964856230031949,0.000638977635782748,0.000638977635782748,0.000638977635782748,0.0645367412140575,0.000638977635782748,0.0325878594249201,0.000638977635782748,0.000638977635782748,0.000638977635782748,0.192332268370607,0.000638977635782748,0.000638977635782748,0.000638977635782748
DCDL-0017350,0.000536193029490617,0.000536193029490617,0.000536193029490617,0.000536193029490617,0.000536193029490617,0.000536193029490617,0.643967828418231,0.000536193029490617,0.000536193029490617,0.134584450402145,0.000536193029490617,0.000536193029490617,0.000536193029490617,0.000536193029490617,0.215013404825737
DCDL-0017148,0.000508905852417303,0.0768447837150127,0.000508905852417303,0.000508905852417303,0.000508905852417303,0.000508905852417303,0.000508905852417303,0.000508905852417303,0.916539440203562,0.000508905852417303,0.000508905852417303,0.000508905852417303,0.000508905852417303,0.000508905852417303,0.000508905852417303
DCDL-0020360,0.000985221674876847,0.000985221674876847,0.000985221674876847,0.000985221674876847,0.000985221674876847,0.000985221674876847,0.000985221674876847,0.936945812807882,0.000985221674876847,0.000985221674876847,0.0502463054187192,0.000985221674876847,0.000985221674876847,0.000985221674876847,0.000985221674876847
DCDL-0017339,0.000583090379008746,0.000583090379008746,0.000583090379008746,0.000583090379008746,0.117201166180758,0.000583090379008746,0.000583090379008746,0.175510204081633,0.000583090379008746,0.000583090379008746,0.000583090379008746,0.000583090379008746,0.000583090379008746,0.700291545189504,0.000583090379008746
DCDL-0019823,0.00066006600660066,0.594719471947195,0.00066006600660066,0.00066006600660066,0.00066006600660066,0.00066006600660066,0.00066006600660066,0.00066006600660066,0.00066006600660066,0.0996699669966997,0.00066006600660066,0.0666666666666667,0.00066006600660066,0.00066006600660066,0.231683168316832
DCDL-0017349,0.000790513833992095,0.000790513833992095,0.000790513833992095,0.000790513833992095,0.000790513833992095,0.000790513833992095,0.000790513833992095,0.514624505928854,0.000790513833992095,0.237944664031621,0.000790513833992095,0.000790513833992095,0.000790513833992095,0.000790513833992095,0.237944664031621
DCDL-0021209,0.309090909090909,0.000343053173241853,0.206174957118353,0.000343053173241853,0.12041166380789,0.000343053173241853,0.000343053173241853,0.12041166380789,0.000343053173241853,0.000343053173241853,0.000343053173241853,0.0518010291595197,0.189022298456261,0.000343053173241853,0.000343053173241853
DCDL-0017352,0.000938967136150235,0.000938967136150235,0.000938967136150235,0.000938967136150235,0.000938967136150235,0.000938967136150235,0.000938967136150235,0.000938967136150235,0.000938967136150235,0.000938967136150235,0.000938967136150235,0.986854460093897,0.000938967136150235,0.000938967136150235,0.000938967136150235
DCDL-0017356,0.000985221674876847,0.000985221674876847,0.000985221674876847,0.000985221674876847,0.000985221674876847,0.000985221674876847,0.000985221674876847,0.000985221674876847,0.296551724137931,0.000985221674876847,0.000985221674876847,0.000985221674876847,0.000985221674876847,0.69064039408867,0.000985221674876847
DCDL-0017068,0.000600600600600601,0.000600600600600601,0.000600600600600601,0.000600600600600601,0.330930930930931,0.000600600600600601,0.421021021021021,0.000600600600600601,0.000600600600600601,0.240840840840841,0.000600600600600601,0.000600600600600601,0.000600600600600601,0.000600600600600601,0.000600600600600601
DCDL-0017070,0.00103626943005181,0.00103626943005181,0.00103626943005181,0.00103626943005181,0.00103626943005181,0.00103626943005181,0.00103626943005181,0.00103626943005181,0.00103626943005181,0.00103626943005181,0.00103626943005181,0.260103626943005,0.260103626943005,0.00103626943005181,0.467357512953368
DCDL-0021211,0.000760456273764259,0.000760456273764259,0.000760456273764259,0.000760456273764259,0.304942965779468,0.000760456273764259,0.000760456273764259,0.000760456273764259,0.000760456273764259,0.000760456273764259,0.0768060836501901,0.000760456273764259,0.228897338403042,0.380988593155894,0.000760456273764259
DCDL-0017342,0.000638977635782748,0.000638977635782748,0.000638977635782748,0.000638977635782748,0.000638977635782748,0.000638977635782748,0.000638977635782748,0.000638977635782748,0.224281150159744,0.0325878594249201,0.000638977635782748,0.000638977635782748,0.000638977635782748,0.735463258785942,0.000638977635782748
DCDL-0019352,0.000375234521575985,0.112945590994371,0.000375234521575985,0.000375234521575985,0.000375234521575985,0.075422138836773,0.000375234521575985,0.0566604127579737,0.000375234521575985,0.244277673545966,0.000375234521575985,0.000375234521575985,0.506941838649156,0.000375234521575985,0.000375234521575985
DCDL-0021724,0.0013986013986014,0.0013986013986014,0.0013986013986014,0.211188811188811,0.0013986013986014,0.0013986013986014,0.0013986013986014,0.0013986013986014,0.770629370629371,0.0013986013986014,0.0013986013986014,0.0013986013986014,0.0013986013986014,0.0013986013986014,0.0013986013986014
DCDL-0017215,0.0013986013986014,0.0013986013986014,0.141258741258741,0.0013986013986014,0.0013986013986014,0.0013986013986014,0.420979020979021,0.0013986013986014,0.0013986013986014,0.420979020979021,0.0013986013986014,0.0013986013986014,0.0013986013986014,0.0013986013986014,0.0013986013986014
DCDL-0021185,0.00150375939849624,0.00150375939849624,0.302255639097744,0.00150375939849624,0.00150375939849624,0.0766917293233083,0.00150375939849624,0.302255639097744,0.00150375939849624,0.00150375939849624,0.00150375939849624,0.302255639097744,0.00150375939849624,0.00150375939849624,0.00150375939849624
DCDL-0021497,0.351048951048951,0.0013986013986014,0.0013986013986014,0.0013986013986014,0.0013986013986014,0.0013986013986014,0.0013986013986014,0.0013986013986014,0.0013986013986014,0.0013986013986014,0.0013986013986014,0.490909090909091,0.141258741258741,0.0013986013986014,0.0013986013986014
DCDL-0017250,0.000985221674876847,0.000985221674876847,0.296551724137931,0.000985221674876847,0.000985221674876847,0.000985221674876847,0.000985221674876847,0.000985221674876847,0.148768472906404,0.000985221674876847,0.296551724137931,0.247290640394089,0.000985221674876847,0.000985221674876847,0.000985221674876847
DCDL-0017951,0.00109289617486339,0.00109289617486339,0.00109289617486339,0.00109289617486339,0.0557377049180328,0.00109289617486339,0.00109289617486339,0.00109289617486339,0.00109289617486339,0.00109289617486339,0.00109289617486339,0.00109289617486339,0.930054644808743,0.00109289617486339,0.00109289617486339
DCDL-0018533,0.000550964187327824,0.000550964187327824,0.74435261707989,0.000550964187327824,0.000550964187327824,0.248484848484849,0.000550964187327824,0.000550964187327824,0.000550964187327824,0.000550964187327824,0.000550964187327824,0.000550964187327824,0.000550964187327824,0.000550964187327824,0.000550964187327824
DCDL-0017298,0.00130718954248366,0.00130718954248366,0.00130718954248366,0.00130718954248366,0.00130718954248366,0.654901960784314,0.00130718954248366,0.00130718954248366,0.00130718954248366,0.328104575163399,0.00130718954248366,0.00130718954248366,0.00130718954248366,0.00130718954248366,0.00130718954248366
DCDL-0017351,0.000583090379008746,0.000583090379008746,0.000583090379008746,0.000583090379008746,0.000583090379008746,0.000583090379008746,0.0588921282798834,0.000583090379008746,0.000583090379008746,0.000583090379008746,0.000583090379008746,0.350437317784257,0.000583090379008746,0.583673469387755,0.000583090379008746
DCDL-0017240,0.00176991150442478,0.00176991150442478,0.00176991150442478,0.355752212389381,0.00176991150442478,0.00176991150442478,0.0902654867256637,0.00176991150442478,0.00176991150442478,0.00176991150442478,0.00176991150442478,0.532743362831858,0.00176991150442478,0.00176991150442478,0.00176991150442478
DCDL-0018513,0.000451467268623025,0.090744920993228,0.000451467268623025,0.000451467268623025,0.000451467268623025,0.000451467268623025,0.113318284424379,0.0681715575620768,0.000451467268623025,0.000451467268623025,0.000451467268623025,0.609932279909707,0.000451467268623025,0.000451467268623025,0.113318284424379
DCDL-0018217,0.000896860986547085,0.000896860986547085,0.000896860986547085,0.000896860986547085,0.000896860986547085,0.000896860986547085,0.000896860986547085,0.000896860986547085,0.000896860986547085,0.000896860986547085,0.359641255605381,0.000896860986547085,0.539013452914798,0.000896860986547085,0.0905829596412556
DCDL-0018357,0.000375234521575985,0.000375234521575985,0.000375234521575985,0.000375234521575985,0.000375234521575985,0.39437148217636,0.000375234521575985,0.000375234521575985,0.000375234521575985,0.263039399624765,0.000375234521575985,0.000375234521575985,0.000375234521575985,0.000375234521575985,0.338086303939962
DCDL-0018703,0.000405679513184584,0.000405679513184584,0.000405679513184584,0.000405679513184584,0.000405679513184584,0.223529411764706,0.040973630831643,0.000405679513184584,0.000405679513184584,0.203245436105477,0.304665314401623,0.000405679513184584,0.223529411764706,0.000405679513184584,0.000405679513184584
DCDL-0018405,0.000508905852417303,0.000508905852417303,0.000508905852417303,0.000508905852417303,0.000508905852417303,0.153180661577608,0.000508905852417303,0.000508905852417303,0.000508905852417303,0.000508905852417303,0.000508905852417303,0.280407124681934,0.0259541984732824,0.000508905852417303,0.534860050890585
DCDL-0017266,0.0141078838174274,0.000276625172890733,0.000276625172890733,0.000276625172890733,0.0832641770401106,0.000276625172890733,0.83015214384509,0.000276625172890733,0.000276625172890733,0.069432918395574,0.000276625172890733,0.000276625172890733,0.000276625172890733,0.000276625172890733,0.000276625172890733
DCDL-0017300,0.310216718266254,0.0625386996904025,0.000619195046439629,0.000619195046439629,0.000619195046439629,0.000619195046439629,0.0934984520123839,0.000619195046439629,0.000619195046439629,0.000619195046439629,0.000619195046439629,0.000619195046439629,0.000619195046439629,0.310216718266254,0.21733746130031
DCDL-0017347,0.00068259385665529,0.00068259385665529,0.00068259385665529,0.00068259385665529,0.785665529010239,0.00068259385665529,0.00068259385665529,0.00068259385665529,0.00068259385665529,0.00068259385665529,0.00068259385665529,0.00068259385665529,0.00068259385665529,0.00068259385665529,0.205460750853242
DCDL-0018535,0.000896860986547085,0.000896860986547085,0.000896860986547085,0.000896860986547085,0.000896860986547085,0.000896860986547085,0.000896860986547085,0.13542600896861,0.000896860986547085,0.000896860986547085,0.000896860986547085,0.673542600896861,0.180269058295964,0.000896860986547085,0.000896860986547085
DCDL-0018586,0.106927175843694,0.000355239786856128,0.000355239786856128,0.0181172291296625,0.000355239786856128,0.000355239786856128,0.444404973357016,0.000355239786856128,0.0181172291296625,0.000355239786856128,0.000355239786856128,0.408880994671403,0.000355239786856128,0.000355239786856128,0.000355239786856128
DCDL-0018652,0.000706713780918728,0.000706713780918728,0.000706713780918728,0.000706713780918728,0.000706713780918728,0.000706713780918728,0.106713780918728,0.000706713780918728,0.0360424028268551,0.000706713780918728,0.000706713780918728,0.354063604240283,0.000706713780918728,0.000706713780918728,0.495406360424028
DCDL-0017906,0.00068259385665529,0.00068259385665529,0.00068259385665529,0.00068259385665529,0.00068259385665529,0.00068259385665529,0.00068259385665529,0.00068259385665529,0.00068259385665529,0.00068259385665529,0.00068259385665529,0.00068259385665529,0.00068259385665529,0.239590443686007,0.751535836177474
DCDL-0017294,0.000441501103752759,0.000441501103752759,0.000441501103752759,0.000441501103752759,0.000441501103752759,0.000441501103752759,0.000441501103752759,0.375717439293598,0.000441501103752759,0.000441501103752759,0.0225165562913907,0.000441501103752759,0.000441501103752759,0.596467991169978,0.000441501103752759
DCDL-0018196,0.000252206809583859,0.000252206809583859,0.000252206809583859,0.000252206809583859,0.000252206809583859,0.000252206809583859,0.000252206809583859,0.000252206809583859,0.000252206809583859,0.000252206809583859,0.996469104665826,0.000252206809583859,0.000252206809583859,0.000252206809583859,0.000252206809583859
DCDL-0018157,0.000262123197903014,0.000262123197903014,0.000262123197903014,0.0264744429882045,0.000262123197903014,0.000262123197903014,0.000262123197903014,0.000262123197903014,0.000262123197903014,0.000262123197903014,0.970117955439056,0.000262123197903014,0.000262123197903014,0.000262123197903014,0.000262123197903014
DCDL-0018362,0.110865561694291,0.0556169429097606,0.000368324125230203,0.829097605893186,0.000368324125230203,0.000368324125230203,0.000368324125230203,0.000368324125230203,0.000368324125230203,0.000368324125230203,0.000368324125230203,0.000368324125230203,0.000368324125230203,0.000368324125230203,0.000368324125230203
DCDL-0021713,0.000732600732600733,0.000732600732600733,0.000732600732600733,0.476923076923077,0.000732600732600733,0.000732600732600733,0.000732600732600733,0.0373626373626374,0.110622710622711,0.000732600732600733,0.000732600732600733,0.000732600732600733,0.183882783882784,0.000732600732600733,0.183882783882784
DCDL-0021189,0.00176991150442478,0.00176991150442478,0.00176991150442478,0.00176991150442478,0.00176991150442478,0.00176991150442478,0.00176991150442478,0.00176991150442478,0.00176991150442478,0.00176991150442478,0.00176991150442478,0.798230088495575,0.00176991150442478,0.00176991150442478,0.178761061946903
DCDL-0018117,0.000760456273764259,0.000760456273764259,0.000760456273764259,0.342965779467681,0.000760456273764259,0.000760456273764259,0.000760456273764259,0.000760456273764259,0.000760456273764259,0.000760456273764259,0.000760456273764259,0.647148288973384,0.000760456273764259,0.000760456273764259,0.000760456273764259
DCDL-0017993,0.0016260162601626,0.0016260162601626,0.0016260162601626,0.0016260162601626,0.0016260162601626,0.895934959349594,0.0016260162601626,0.0016260162601626,0.0829268292682927,0.0016260162601626,0.0016260162601626,0.0016260162601626,0.0016260162601626,0.0016260162601626,0.0016260162601626
DCDL-0018099,0.000638977635782748,0.000638977635782748,0.000638977635782748,0.000638977635782748,0.000638977635782748,0.000638977635782748,0.000638977635782748,0.000638977635782748,0.256230031948882,0.000638977635782748,0.479872204472843,0.16038338658147,0.000638977635782748,0.0964856230031949,0.000638977635782748
DCDL-0018098,0.000706713780918728,0.000706713780918728,0.000706713780918728,0.000706713780918728,0.000706713780918728,0.000706713780918728,0.000706713780918728,0.0360424028268551,0.28339222614841,0.000706713780918728,0.67208480565371,0.000706713780918728,0.000706713780918728,0.000706713780918728,0.000706713780918728
DCDL-0018373,0.000382409177820268,0.000382409177820268,0.000382409177820268,0.860803059273423,0.000382409177820268,0.000382409177820268,0.000382409177820268,0.000382409177820268,0.000382409177820268,0.000382409177820268,0.000382409177820268,0.134225621414914,0.000382409177820268,0.000382409177820268,0.000382409177820268
DCDL-0018273,0.00109289617486339,0.00109289617486339,0.00109289617486339,0.00109289617486339,0.00109289617486339,0.00109289617486339,0.00109289617486339,0.0557377049180328,0.00109289617486339,0.165027322404372,0.00109289617486339,0.165027322404372,0.00109289617486339,0.602185792349727,0.00109289617486339
DCDL-0019655,0.000272851296043656,0.000272851296043656,0.314051841746248,0.000272851296043656,0.000272851296043656,0.0821282401091405,0.000272851296043656,0.000272851296043656,0.000272851296043656,0.0957708049113233,0.000272851296043656,0.000272851296043656,0.477762619372442,0.000272851296043656,0.0275579809004093
DCDL-0018642,0.000732600732600733,0.000732600732600733,0.0373626373626374,0.000732600732600733,0.000732600732600733,0.000732600732600733,0.000732600732600733,0.000732600732600733,0.110622710622711,0.000732600732600733,0.000732600732600733,0.000732600732600733,0.000732600732600733,0.403663003663004,0.44029304029304
DCDL-0018229,0.0849894291754757,0.0215644820295983,0.000422832980972516,0.000422832980972516,0.444397463002114,0.000422832980972516,0.000422832980972516,0.000422832980972516,0.000422832980972516,0.000422832980972516,0.000422832980972516,0.275264270613108,0.000422832980972516,0.000422832980972516,0.169556025369979
DCDL-0019782,0.000938967136150235,0.047887323943662,0.000938967136150235,0.000938967136150235,0.000938967136150235,0.000938967136150235,0.000938967136150235,0.000938967136150235,0.047887323943662,0.000938967136150235,0.000938967136150235,0.423474178403756,0.470422535211268,0.000938967136150235,0.000938967136150235
DCDL-0018268,0.00066006600660066,0.00066006600660066,0.00066006600660066,0.00066006600660066,0.00066006600660066,0.00066006600660066,0.00066006600660066,0.00066006600660066,0.00066006600660066,0.00066006600660066,0.00066006600660066,0.00066006600660066,0.627722772277228,0.363696369636964,0.00066006600660066
DCDL-0019552,0.000522193211488251,0.783812010443864,0.000522193211488251,0.000522193211488251,0.000522193211488251,0.000522193211488251,0.000522193211488251,0.000522193211488251,0.000522193211488251,0.000522193211488251,0.000522193211488251,0.000522193211488251,0.209399477806789,0.000522193211488251,0.000522193211488251
DCDL-0018154,0.190697674418605,0.000422832980972516,0.000422832980972516,0.000422832980972516,0.000422832980972516,0.0849894291754757,0.000422832980972516,0.0849894291754757,0.000422832980972516,0.000422832980972516,0.000422832980972516,0.000422832980972516,0.338689217758985,0.296405919661734,0.000422832980972516
DCDL-0017245,0.00130718954248366,0.981699346405229,0.00130718954248366,0.00130718954248366,0.00130718954248366,0.00130718954248366,0.00130718954248366,0.00130718954248366,0.00130718954248366,0.00130718954248366,0.00130718954248366,0.00130718954248366,0.00130718954248366,0.00130718954248366,0.00130718954248366
DCDL-0019245,0.00056657223796034,0.00056657223796034,0.00056657223796034,0.00056657223796034,0.00056657223796034,0.368838526912181,0.00056657223796034,0.00056657223796034,0.00056657223796034,0.00056657223796034,0.00056657223796034,0.00056657223796034,0.170538243626062,0.453824362606232,0.00056657223796034
DCDL-0019401,0.000896860986547085,0.0905829596412556,0.000896860986547085,0.000896860986547085,0.000896860986547085,0.000896860986547085,0.000896860986547085,0.000896860986547085,0.000896860986547085,0.000896860986547085,0.000896860986547085,0.000896860986547085,0.852914798206278,0.000896860986547085,0.0457399103139013
DCDL-0017260,0.000790513833992095,0.000790513833992095,0.000790513833992095,0.000790513833992095,0.633201581027668,0.000790513833992095,0.000790513833992095,0.000790513833992095,0.000790513833992095,0.000790513833992095,0.000790513833992095,0.198418972332016,0.000790513833992095,0.158893280632411,0.000790513833992095
DCDL-0018265,0.000441501103752759,0.0666666666666667,0.000441501103752759,0.000441501103752759,0.000441501103752759,0.000441501103752759,0.000441501103752759,0.000441501103752759,0.000441501103752759,0.000441501103752759,0.000441501103752759,0.46401766004415,0.000441501103752759,0.0445916114790287,0.419867549668874
DCDL-0017282,0.000389863547758285,0.604678362573099,0.000389863547758285,0.000389863547758285,0.195321637426901,0.000389863547758285,0.117348927875244,0.000389863547758285,0.000389863547758285,0.0783625730994152,0.000389863547758285,0.000389863547758285,0.000389863547758285,0.000389863547758285,0.000389863547758285
DCDL-0018017,0.63961661341853,0.000638977635782748,0.000638977635782748,0.000638977635782748,0.000638977635782748,0.000638977635782748,0.000638977635782748,0.000638977635782748,0.000638977635782748,0.000638977635782748,0.000638977635782748,0.352076677316294,0.000638977635782748,0.000638977635782748,0.000638977635782748
DCDL-0016945,0.031911532385466,0.000315955766192733,0.505845181674566,0.000315955766192733,0.000315955766192733,0.000315955766192733,0.000315955766192733,0.000315955766192733,0.000315955766192733,0.000315955766192733,0.000315955766192733,0.158293838862559,0.0477093206951027,0.000315955766192733,0.253080568720379
DCDL-0017880,0.000706713780918728,0.000706713780918728,0.000706713780918728,0.000706713780918728,0.0360424028268551,0.000706713780918728,0.000706713780918728,0.000706713780918728,0.460070671378092,0.000706713780918728,0.000706713780918728,0.106713780918728,0.000706713780918728,0.389399293286219,0.000706713780918728
DCDL-0019243,0.0013986013986014,0.420979020979021,0.0013986013986014,0.0013986013986014,0.0013986013986014,0.0013986013986014,0.0013986013986014,0.0013986013986014,0.351048951048951,0.211188811188811,0.0013986013986014,0.0013986013986014,0.0013986013986014,0.0013986013986014,0.0013986013986014
DCDL-0017219,0.00115606936416185,0.00115606936416185,0.463583815028902,0.00115606936416185,0.0589595375722543,0.00115606936416185,0.00115606936416185,0.0589595375722543,0.405780346820809,0.00115606936416185,0.00115606936416185,0.00115606936416185,0.00115606936416185,0.00115606936416185,0.00115606936416185
DCDL-0017262,0.00046189376443418,0.00046189376443418,0.00046189376443418,0.00046189376443418,0.00046189376443418,0.00046189376443418,0.00046189376443418,0.00046189376443418,0.00046189376443418,0.00046189376443418,0.624018475750577,0.00046189376443418,0.00046189376443418,0.00046189376443418,0.369976905311778
DCDL-0018263,0.000823045267489712,0.165432098765432,0.000823045267489712,0.000823045267489712,0.000823045267489712,0.000823045267489712,0.000823045267489712,0.000823045267489712,0.000823045267489712,0.000823045267489712,0.000823045267489712,0.700411522633745,0.124279835390947,0.000823045267489712,0.000823045267489712
DCDL-0019822,0.00240963855421687,0.48433734939759,0.00240963855421687,0.00240963855421687,0.00240963855421687,0.00240963855421687,0.00240963855421687,0.00240963855421687,0.00240963855421687,0.00240963855421687,0.363855421686747,0.00240963855421687,0.12289156626506,0.00240963855421687,0.00240963855421687
DCDL-0019921,0.00103626943005181,0.62279792746114,0.00103626943005181,0.00103626943005181,0.00103626943005181,0.00103626943005181,0.00103626943005181,0.00103626943005181,0.00103626943005181,0.00103626943005181,0.363730569948186,0.00103626943005181,0.00103626943005181,0.00103626943005181,0.00103626943005181
DCDL-0019116,0.204071246819338,0.127735368956743,0.000508905852417303,0.000508905852417303,0.000508905852417303,0.000508905852417303,0.000508905852417303,0.000508905852417303,0.000508905852417303,0.000508905852417303,0.000508905852417303,0.000508905852417303,0.433078880407125,0.229516539440204,0.000508905852417303
DCDL-0018108,0.000985221674876847,0.000985221674876847,0.000985221674876847,0.000985221674876847,0.000985221674876847,0.444334975369458,0.0502463054187192,0.000985221674876847,0.000985221674876847,0.000985221674876847,0.000985221674876847,0.4935960591133,0.000985221674876847,0.000985221674876847,0.000985221674876847
DCDL-0019400,0.00115606936416185,0.00115606936416185,0.00115606936416185,0.00115606936416185,0.00115606936416185,0.00115606936416185,0.00115606936416185,0.00115606936416185,0.0589595375722543,0.00115606936416185,0.00115606936416185,0.405780346820809,0.521387283236994,0.00115606936416185,0.00115606936416185
DCDL-0017272,0.000226500566251416,0.000226500566251416,0.0115515288788222,0.000226500566251416,0.000226500566251416,0.000226500566251416,0.668403171007928,0.000226500566251416,0.000226500566251416,0.226727066817667,0.000226500566251416,0.000226500566251416,0.000226500566251416,0.000226500566251416,0.0908267270668177
DCDL-0018116,0.000431965442764579,0.000431965442764579,0.000431965442764579,0.30280777537797,0.000431965442764579,0.000431965442764579,0.130021598272138,0.000431965442764579,0.000431965442764579,0.453995680345572,0.000431965442764579,0.000431965442764579,0.108423326133909,0.000431965442764579,0.000431965442764579
DCDL-0019555,0.000823045267489712,0.000823045267489712,0.000823045267489712,0.000823045267489712,0.412345679012346,0.535802469135802,0.000823045267489712,0.0419753086419753,0.000823045267489712,0.000823045267489712,0.000823045267489712,0.000823045267489712,0.000823045267489712,0.000823045267489712,0.000823045267489712
DCDL-0017326,0.000496277915632754,0.000496277915632754,0.000496277915632754,0.000496277915632754,0.000496277915632754,0.000496277915632754,0.000496277915632754,0.993052109181141,0.000496277915632754,0.000496277915632754,0.000496277915632754,0.000496277915632754,0.000496277915632754,0.000496277915632754,0.000496277915632754
DCDL-0019866,0.00115606936416185,0.405780346820809,0.00115606936416185,0.00115606936416185,0.00115606936416185,0.00115606936416185,0.00115606936416185,0.00115606936416185,0.00115606936416185,0.290173410404624,0.290173410404624,0.00115606936416185,0.00115606936416185,0.00115606936416185,0.00115606936416185
DCDL-0018165,0.716397228637413,0.00046189376443418,0.00046189376443418,0.00046189376443418,0.00046189376443418,0.0235565819861432,0.00046189376443418,0.00046189376443418,0.00046189376443418,0.00046189376443418,0.00046189376443418,0.00046189376443418,0.00046189376443418,0.0928406466512702,0.162124711316397
DCDL-0019114,0.000600600600600601,0.000600600600600601,0.150750750750751,0.000600600600600601,0.000600600600600601,0.000600600600600601,0.000600600600600601,0.000600600600600601,0.000600600600600601,0.000600600600600601,0.000600600600600601,0.210810810810811,0.631231231231231,0.000600600600600601,0.000600600600600601
DCDL-0019121,0.00317460317460317,0.00317460317460317,0.00317460317460317,0.00317460317460317,0.00317460317460317,0.00317460317460317,0.00317460317460317,0.00317460317460317,0.00317460317460317,0.00317460317460317,0.00317460317460317,0.955555555555555,0.00317460317460317,0.00317460317460317,0.00317460317460317
DCDL-0018971,0.579190751445087,0.00115606936416185,0.347976878612717,0.00115606936416185,0.00115606936416185,0.00115606936416185,0.00115606936416185,0.00115606936416185,0.00115606936416185,0.00115606936416185,0.0589595375722543,0.00115606936416185,0.00115606936416185,0.00115606936416185,0.00115606936416185
DCDL-0018576,0.000732600732600733,0.000732600732600733,0.110622710622711,0.55018315018315,0.000732600732600733,0.000732600732600733,0.000732600732600733,0.000732600732600733,0.000732600732600733,0.000732600732600733,0.000732600732600733,0.000732600732600733,0.293772893772894,0.000732600732600733,0.0373626373626374
DCDL-0019924,0.00122699386503067,0.00122699386503067,0.00122699386503067,0.00122699386503067,0.00122699386503067,0.00122699386503067,0.430674846625767,0.00122699386503067,0.00122699386503067,0.00122699386503067,0.00122699386503067,0.369325153374233,0.00122699386503067,0.00122699386503067,0.185276073619632
DCDL-0019594,0.000858369098712446,0.000858369098712446,0.000858369098712446,0.000858369098712446,0.730472103004292,0.0437768240343348,0.000858369098712446,0.000858369098712446,0.000858369098712446,0.000858369098712446,0.000858369098712446,0.000858369098712446,0.215450643776824,0.000858369098712446,0.000858369098712446
DCDL-0019750,0.000938967136150235,0.0948356807511737,0.000938967136150235,0.000938967136150235,0.000938967136150235,0.000938967136150235,0.000938967136150235,0.000938967136150235,0.000938967136150235,0.047887323943662,0.000938967136150235,0.752112676056338,0.0948356807511737,0.000938967136150235,0.000938967136150235
DCDL-0019268,0.000638977635782748,0.863258785942492,0.000638977635782748,0.000638977635782748,0.000638977635782748,0.000638977635782748,0.000638977635782748,0.000638977635782748,0.000638977635782748,0.000638977635782748,0.000638977635782748,0.128434504792332,0.000638977635782748,0.000638977635782748,0.000638977635782748
DCDL-0018734,0.00109289617486339,0.219672131147541,0.00109289617486339,0.00109289617486339,0.00109289617486339,0.00109289617486339,0.00109289617486339,0.00109289617486339,0.00109289617486339,0.00109289617486339,0.00109289617486339,0.00109289617486339,0.766120218579235,0.00109289617486339,0.00109289617486339
DCDL-0018772,0.000790513833992095,0.000790513833992095,0.000790513833992095,0.000790513833992095,0.000790513833992095,0.000790513833992095,0.000790513833992095,0.000790513833992095,0.000790513833992095,0.000790513833992095,0.000790513833992095,0.514624505928854,0.000790513833992095,0.475098814229249,0.000790513833992095
DCDL-0019122,0.0288951841359773,0.00056657223796034,0.00056657223796034,0.00056657223796034,0.00056657223796034,0.00056657223796034,0.00056657223796034,0.227195467422096,0.00056657223796034,0.142209631728045,0.00056657223796034,0.255524079320113,0.00056657223796034,0.00056657223796034,0.340509915014164
DCDL-0018836,0.332126696832579,0.000301659125188537,0.000301659125188537,0.000301659125188537,0.000301659125188537,0.000301659125188537,0.000301659125188537,0.000301659125188537,0.000301659125188537,0.000301659125188537,0.000301659125188537,0.120965309200603,0.0757164404223228,0.437707390648567,0.0304675716440422
DCDL-0018156,0.000638977635782748,0.000638977635782748,0.927156549520767,0.000638977635782748,0.000638977635782748,0.000638977635782748,0.000638977635782748,0.000638977635782748,0.000638977635782748,0.000638977635782748,0.000638977635782748,0.000638977635782748,0.0645367412140575,0.000638977635782748,0.000638977635782748
DCDL-0017771,0.000823045267489712,0.000823045267489712,0.000823045267489712,0.206584362139918,0.330041152263374,0.000823045267489712,0.0419753086419753,0.412345679012346,0.000823045267489712,0.000823045267489712,0.000823045267489712,0.000823045267489712,0.000823045267489712,0.000823045267489712,0.000823045267489712
DCDL-0017367,0.000638977635782748,0.000638977635782748,0.000638977635782748,0.000638977635782748,0.000638977635782748,0.000638977635782748,0.000638977635782748,0.991054313099041,0.000638977635782748,0.000638977635782748,0.000638977635782748,0.000638977635782748,0.000638977635782748,0.000638977635782748,0.000638977635782748
DCDL-0018103,0.00115606936416185,0.347976878612717,0.00115606936416185,0.00115606936416185,0.00115606936416185,0.00115606936416185,0.00115606936416185,0.232369942196532,0.00115606936416185,0.00115606936416185,0.00115606936416185,0.00115606936416185,0.00115606936416185,0.405780346820809,0.00115606936416185
DCDL-0017259,0.000858369098712447,0.000858369098712447,0.000858369098712447,0.000858369098712447,0.000858369098712447,0.000858369098712447,0.472961373390558,0.000858369098712447,0.172532188841202,0.000858369098712447,0.000858369098712447,0.344206008583691,0.000858369098712447,0.000858369098712447,0.000858369098712447
DCDL-0017414,0.0625766871165644,0.00122699386503067,0.123926380368098,0.00122699386503067,0.00122699386503067,0.00122699386503067,0.00122699386503067,0.00122699386503067,0.00122699386503067,0.00122699386503067,0.00122699386503067,0.798773006134969,0.00122699386503067,0.00122699386503067,0.00122699386503067
DCDL-0017431,0.000619195046439629,0.248297213622291,0.000619195046439629,0.000619195046439629,0.000619195046439629,0.000619195046439629,0.000619195046439629,0.0625386996904025,0.000619195046439629,0.000619195046439629,0.248297213622291,0.248297213622291,0.000619195046439629,0.000619195046439629,0.186377708978328
DCDL-0017368,0.000337268128161889,0.000337268128161889,0.000337268128161889,0.000337268128161889,0.000337268128161889,0.000337268128161889,0.000337268128161889,0.000337268128161889,0.000337268128161889,0.000337268128161889,0.0846543001686341,0.21956155143339,0.624283305227656,0.0677908937605396,0.000337268128161889
DCDL-0018079,0.107774798927614,0.000536193029490617,0.000536193029490617,0.000536193029490617,0.000536193029490617,0.000536193029490617,0.000536193029490617,0.000536193029490617,0.268632707774799,0.0541554959785523,0.29544235924933,0.268632707774799,0.000536193029490617,0.000536193029490617,0.000536193029490617
DCDL-0018077,0.00068259385665529,0.00068259385665529,0.00068259385665529,0.00068259385665529,0.00068259385665529,0.00068259385665529,0.00068259385665529,0.00068259385665529,0.307849829351536,0.00068259385665529,0.478498293515358,0.205460750853242,0.00068259385665529,0.00068259385665529,0.00068259385665529
DCDL-0019093,0.00150375939849624,0.00150375939849624,0.00150375939849624,0.15187969924812,0.00150375939849624,0.00150375939849624,0.00150375939849624,0.00150375939849624,0.377443609022556,0.00150375939849624,0.00150375939849624,0.227067669172932,0.00150375939849624,0.227067669172932,0.00150375939849624
DCDL-0017415,0.000451467268623025,0.158465011286682,0.000451467268623025,0.000451467268623025,0.13589164785553,0.000451467268623025,0.000451467268623025,0.700225733634312,0.000451467268623025,0.000451467268623025,0.000451467268623025,0.000451467268623025,0.000451467268623025,0.000451467268623025,0.000451467268623025
DCDL-0017315,0.000732600732600733,0.000732600732600733,0.000732600732600733,0.000732600732600733,0.000732600732600733,0.000732600732600733,0.000732600732600733,0.476923076923077,0.183882783882784,0.000732600732600733,0.000732600732600733,0.257142857142857,0.000732600732600733,0.073992673992674,0.000732600732600733
DCDL-0017472,0.0013986013986014,0.0013986013986014,0.0013986013986014,0.0013986013986014,0.0013986013986014,0.0013986013986014,0.0013986013986014,0.98041958041958,0.0013986013986014,0.0013986013986014,0.0013986013986014,0.0013986013986014,0.0013986013986014,0.0013986013986014,0.0013986013986014
DCDL-0017312,0.00066006600660066,0.00066006600660066,0.00066006600660066,0.00066006600660066,0.00066006600660066,0.00066006600660066,0.00066006600660066,0.00066006600660066,0.00066006600660066,0.00066006600660066,0.00066006600660066,0.990759075907591,0.00066006600660066,0.00066006600660066,0.00066006600660066
DCDL-0017374,0.00066006600660066,0.00066006600660066,0.00066006600660066,0.0336633663366337,0.00066006600660066,0.00066006600660066,0.00066006600660066,0.198679867986799,0.0996699669966997,0.00066006600660066,0.132673267326733,0.00066006600660066,0.264686468646865,0.264686468646865,0.00066006600660066
DCDL-0017359,0.000706713780918728,0.000706713780918728,0.000706713780918728,0.000706713780918728,0.000706713780918728,0.000706713780918728,0.000706713780918728,0.67208480565371,0.000706713780918728,0.000706713780918728,0.000706713780918728,0.0713780918727915,0.000706713780918728,0.248056537102473,0.000706713780918728
DCDL-0019827,0.0013986013986014,0.0713286713286713,0.0013986013986014,0.0013986013986014,0.0013986013986014,0.0013986013986014,0.0013986013986014,0.0013986013986014,0.700699300699301,0.211188811188811,0.0013986013986014,0.0013986013986014,0.0013986013986014,0.0013986013986014,0.0013986013986014
DCDL-0019893,0.00122699386503067,0.614723926380368,0.00122699386503067,0.00122699386503067,0.00122699386503067,0.246625766871166,0.00122699386503067,0.00122699386503067,0.123926380368098,0.00122699386503067,0.00122699386503067,0.00122699386503067,0.00122699386503067,0.00122699386503067,0.00122699386503067
DCDL-0017302,0.000536193029490617,0.215013404825737,0.000536193029490617,0.000536193029490617,0.000536193029490617,0.0541554959785523,0.000536193029490617,0.536729222520107,0.000536193029490617,0.000536193029490617,0.000536193029490617,0.0809651474530831,0.000536193029490617,0.107774798927614,0.000536193029490617
DCDL-0017542,0.00041407867494824,0.00041407867494824,0.00041407867494824,0.00041407867494824,0.166045548654244,0.725051759834369,0.00041407867494824,0.00041407867494824,0.00041407867494824,0.00041407867494824,0.00041407867494824,0.00041407867494824,0.00041407867494824,0.103933747412008,0.00041407867494824
DCDL-0017491,0.0788511749347258,0.000522193211488251,0.000522193211488251,0.418276762402089,0.000522193211488251,0.000522193211488251,0.000522193211488251,0.000522193211488251,0.157180156657963,0.000522193211488251,0.000522193211488251,0.104960835509138,0.000522193211488251,0.000522193211488251,0.235509138381201
DCDL-0018078,0.000790513833992095,0.237944664031621,0.000790513833992095,0.000790513833992095,0.000790513833992095,0.000790513833992095,0.000790513833992095,0.000790513833992095,0.000790513833992095,0.000790513833992095,0.435573122529644,0.31699604743083,0.000790513833992095,0.000790513833992095,0.000790513833992095
DCDL-0019336,0.00122699386503068,0.00122699386503068,0.00122699386503068,0.00122699386503068,0.00122699386503068,0.369325153374233,0.00122699386503068,0.123926380368098,0.246625766871166,0.00122699386503068,0.246625766871166,0.00122699386503068,0.00122699386503068,0.00122699386503068,0.00122699386503068
DCDL-0018986,0.000760456273764259,0.000760456273764259,0.000760456273764259,0.000760456273764259,0.0387832699619772,0.000760456273764259,0.000760456273764259,0.000760456273764259,0.000760456273764259,0.495057034220532,0.228897338403042,0.000760456273764259,0.000760456273764259,0.000760456273764259,0.228897338403042
DCDL-0017510,0.00122699386503067,0.676073619631902,0.00122699386503067,0.00122699386503067,0.00122699386503067,0.00122699386503067,0.00122699386503067,0.00122699386503067,0.00122699386503067,0.00122699386503067,0.00122699386503067,0.00122699386503067,0.00122699386503067,0.00122699386503067,0.307975460122699
DCDL-0017421,0.000619195046439629,0.0934984520123839,0.526934984520124,0.0625386996904025,0.000619195046439629,0.000619195046439629,0.000619195046439629,0.000619195046439629,0.000619195046439629,0.000619195046439629,0.000619195046439629,0.310216718266254,0.000619195046439629,0.000619195046439629,0.000619195046439629
DCDL-0017439,0.000638977635782748,0.000638977635782748,0.000638977635782748,0.000638977635782748,0.000638977635782748,0.000638977635782748,0.000638977635782748,0.000638977635782748,0.000638977635782748,0.76741214057508,0.000638977635782748,0.224281150159744,0.000638977635782748,0.000638977635782748,0.000638977635782748
DCDL-0017385,0.000760456273764259,0.000760456273764259,0.000760456273764259,0.000760456273764259,0.000760456273764259,0.000760456273764259,0.000760456273764259,0.000760456273764259,0.0387832699619772,0.114828897338403,0.000760456273764259,0.114828897338403,0.72319391634981,0.000760456273764259,0.000760456273764259
DCDL-0017241,0.000706713780918728,0.354063604240283,0.000706713780918728,0.000706713780918728,0.354063604240283,0.000706713780918728,0.000706713780918728,0.000706713780918728,0.000706713780918728,0.000706713780918728,0.000706713780918728,0.177385159010601,0.000706713780918728,0.106713780918728,0.000706713780918728
DCDL-0017453,0.000823045267489712,0.000823045267489712,0.000823045267489712,0.000823045267489712,0.000823045267489712,0.000823045267489712,0.000823045267489712,0.000823045267489712,0.000823045267489712,0.330041152263374,0.000823045267489712,0.000823045267489712,0.165432098765432,0.494650205761317,0.000823045267489712
DCDL-0017371,0.000431965442764579,0.000431965442764579,0.000431965442764579,0.000431965442764579,0.000431965442764579,0.000431965442764579,0.000431965442764579,0.000431965442764579,0.000431965442764579,0.000431965442764579,0.000431965442764579,0.194816414686825,0.71317494600432,0.000431965442764579,0.0868250539956803
DCDL-0017529,0.000422832980972516,0.000422832980972516,0.000422832980972516,0.000422832980972516,0.000422832980972516,0.930655391120507,0.000422832980972516,0.000422832980972516,0.000422832980972516,0.000422832980972516,0.000422832980972516,0.000422832980972516,0.000422832980972516,0.0638477801268499,0.000422832980972516
DCDL-0018145,0.28385269121813,0.00056657223796034,0.00056657223796034,0.00056657223796034,0.00056657223796034,0.595467422096317,0.00056657223796034,0.00056657223796034,0.00056657223796034,0.00056657223796034,0.00056657223796034,0.0288951841359773,0.0855524079320113,0.00056657223796034,0.00056657223796034
DCDL-0021243,0.00130718954248366,0.00130718954248366,0.00130718954248366,0.00130718954248366,0.262745098039216,0.00130718954248366,0.00130718954248366,0.00130718954248366,0.00130718954248366,0.00130718954248366,0.458823529411765,0.00130718954248366,0.00130718954248366,0.00130718954248366,0.262745098039216
DCDL-0017353,0.00130718954248366,0.00130718954248366,0.00130718954248366,0.00130718954248366,0.00130718954248366,0.00130718954248366,0.00130718954248366,0.00130718954248366,0.197385620915033,0.0666666666666667,0.00130718954248366,0.720261437908497,0.00130718954248366,0.00130718954248366,0.00130718954248366
DCDL-0017354,0.0013986013986014,0.0013986013986014,0.0013986013986014,0.0013986013986014,0.0013986013986014,0.0013986013986014,0.0013986013986014,0.0013986013986014,0.0013986013986014,0.0013986013986014,0.0013986013986014,0.700699300699301,0.141258741258741,0.0013986013986014,0.141258741258741
DCDL-0017281,0.00033167495854063,0.00033167495854063,0.00033167495854063,0.00033167495854063,0.00033167495854063,0.00033167495854063,0.862686567164179,0.00033167495854063,0.00033167495854063,0.00033167495854063,0.00033167495854063,0.133001658374793,0.00033167495854063,0.00033167495854063,0.00033167495854063
DCDL-0017524,0.000732600732600733,0.000732600732600733,0.000732600732600733,0.000732600732600733,0.000732600732600733,0.000732600732600733,0.476923076923077,0.000732600732600733,0.073992673992674,0.000732600732600733,0.000732600732600733,0.000732600732600733,0.000732600732600733,0.44029304029304,0.000732600732600733
DCDL-0018758,0.000451467268623025,0.000451467268623025,0.000451467268623025,0.000451467268623025,0.000451467268623025,0.474492099322799,0.000451467268623025,0.000451467268623025,0.000451467268623025,0.000451467268623025,0.0230248306997743,0.158465011286682,0.339051918735892,0.000451467268623025,0.000451467268623025
DCDL-0017331,0.000706713780918728,0.000706713780918728,0.000706713780918728,0.000706713780918728,0.389399293286219,0.000706713780918728,0.000706713780918728,0.601413427561837,0.000706713780918728,0.000706713780918728,0.000706713780918728,0.000706713780918728,0.000706713780918728,0.000706713780918728,0.000706713780918728
DCDL-0017364,0.609932279909707,0.090744920993228,0.000451467268623025,0.000451467268623025,0.0230248306997743,0.000451467268623025,0.000451467268623025,0.000451467268623025,0.000451467268623025,0.000451467268623025,0.0455981941309255,0.000451467268623025,0.000451467268623025,0.226185101580135,0.000451467268623025
DCDL-0017411,0.000536193029490617,0.000536193029490617,0.000536193029490617,0.000536193029490617,0.536729222520107,0.000536193029490617,0.000536193029490617,0.000536193029490617,0.000536193029490617,0.000536193029490617,0.000536193029490617,0.000536193029490617,0.456300268096515,0.000536193029490617,0.000536193029490617
DCDL-0021207,0.0849894291754757,0.000422832980972516,0.0849894291754757,0.000422832980972516,0.423255813953488,0.0215644820295983,0.000422832980972516,0.000422832980972516,0.0427061310782241,0.000422832980972516,0.000422832980972516,0.000422832980972516,0.000422832980972516,0.148414376321353,0.190697674418605
DCDL-0019252,0.296551724137931,0.247290640394089,0.000985221674876847,0.000985221674876847,0.000985221674876847,0.000985221674876847,0.000985221674876847,0.000985221674876847,0.000985221674876847,0.000985221674876847,0.0995073891625616,0.000985221674876847,0.000985221674876847,0.345812807881773,0.000985221674876847
DCDL-0017363,0.000550964187327824,0.110743801652893,0.000550964187327824,0.000550964187327824,0.74435261707989,0.000550964187327824,0.000550964187327824,0.000550964187327824,0.000550964187327824,0.000550964187327824,0.000550964187327824,0.000550964187327824,0.000550964187327824,0.000550964187327824,0.138292011019284
DCDL-0017462,0.000896860986547085,0.000896860986547085,0.000896860986547085,0.000896860986547085,0.000896860986547085,0.000896860986547085,0.000896860986547085,0.000896860986547085,0.000896860986547085,0.000896860986547085,0.000896860986547085,0.718385650224215,0.269955156950673,0.000896860986547085,0.000896860986547085
DCDL-0017206,0.288178913738019,0.000638977635782748,0.0964856230031949,0.000638977635782748,0.000638977635782748,0.000638977635782748,0.128434504792332,0.000638977635782748,0.000638977635782748,0.000638977635782748,0.000638977635782748,0.288178913738019,0.000638977635782748,0.000638977635782748,0.192332268370607
DCDL-0021208,0.0866952789699571,0.000858369098712446,0.558798283261803,0.000858369098712446,0.000858369098712446,0.000858369098712446,0.000858369098712446,0.000858369098712446,0.000858369098712446,0.000858369098712446,0.000858369098712446,0.344206008583691,0.000858369098712446,0.000858369098712446,0.000858369098712446
DCDL-0017477,0.000823045267489712,0.000823045267489712,0.000823045267489712,0.000823045267489712,0.618106995884774,0.000823045267489712,0.000823045267489712,0.000823045267489712,0.124279835390947,0.000823045267489712,0.000823045267489712,0.000823045267489712,0.000823045267489712,0.247736625514403,0.000823045267489712
DCDL-0021239,0.359641255605381,0.000896860986547085,0.13542600896861,0.000896860986547085,0.000896860986547085,0.000896860986547085,0.000896860986547085,0.000896860986547085,0.000896860986547085,0.000896860986547085,0.000896860986547085,0.13542600896861,0.000896860986547085,0.314798206278027,0.0457399103139013
DCDL-0017234,0.00130718954248366,0.00130718954248366,0.00130718954248366,0.00130718954248366,0.981699346405229,0.00130718954248366,0.00130718954248366,0.00130718954248366,0.00130718954248366,0.00130718954248366,0.00130718954248366,0.00130718954248366,0.00130718954248366,0.00130718954248366,0.00130718954248366
DCDL-0028398,0.000732600732600733,0.000732600732600733,0.000732600732600733,0.000732600732600733,0.000732600732600733,0.000732600732600733,0.000732600732600733,0.000732600732600733,0.000732600732600733,0.000732600732600733,0.000732600732600733,0.183882783882784,0.183882783882784,0.623443223443223,0.000732600732600733
DCDL-0017436,0.00066006600660066,0.00066006600660066,0.495709570957096,0.00066006600660066,0.00066006600660066,0.363696369636964,0.00066006600660066,0.00066006600660066,0.00066006600660066,0.132673267326733,0.00066006600660066,0.00066006600660066,0.00066006600660066,0.00066006600660066,0.00066006600660066
DCDL-0017410,0.000619195046439629,0.155417956656347,0.43405572755418,0.000619195046439629,0.000619195046439629,0.000619195046439629,0.000619195046439629,0.000619195046439629,0.000619195046439629,0.000619195046439629,0.000619195046439629,0.000619195046439629,0.248297213622291,0.155417956656347,0.000619195046439629
DCDL-0017137,0.14502712477396,0.0907775768535262,0.289692585895118,0.000361663652802893,0.000361663652802893,0.000361663652802893,0.0184448462929476,0.000361663652802893,0.000361663652802893,0.000361663652802893,0.000361663652802893,0.000361663652802893,0.000361663652802893,0.434358047016275,0.0184448462929476
DCDL-0021242,0.00066006600660066,0.00066006600660066,0.00066006600660066,0.00066006600660066,0.528712871287129,0.00066006600660066,0.00066006600660066,0.00066006600660066,0.00066006600660066,0.00066006600660066,0.297689768976898,0.0336633663366337,0.00066006600660066,0.00066006600660066,0.132673267326733
DCDL-0021493,0.000583090379008746,0.000583090379008746,0.467055393586006,0.000583090379008746,0.146355685131195,0.0297376093294461,0.0297376093294461,0.000583090379008746,0.000583090379008746,0.000583090379008746,0.000583090379008746,0.000583090379008746,0.000583090379008746,0.20466472303207,0.117201166180758
DCDL-0017570,0.000508905852417303,0.611195928753181,0.000508905852417303,0.000508905852417303,0.280407124681934,0.000508905852417303,0.000508905852417303,0.000508905852417303,0.000508905852417303,0.000508905852417303,0.000508905852417303,0.000508905852417303,0.000508905852417303,0.102290076335878,0.000508905852417303
DCDL-0017996,0.000760456273764259,0.000760456273764259,0.000760456273764259,0.000760456273764259,0.0768060836501901,0.114828897338403,0.647148288973384,0.000760456273764259,0.000760456273764259,0.000760456273764259,0.152851711026616,0.000760456273764259,0.000760456273764259,0.000760456273764259,0.000760456273764259
DCDL-0018826,0.000619195046439629,0.526934984520124,0.000619195046439629,0.21733746130031,0.000619195046439629,0.000619195046439629,0.000619195046439629,0.000619195046439629,0.000619195046439629,0.000619195046439629,0.000619195046439629,0.248297213622291,0.000619195046439629,0.000619195046439629,0.000619195046439629
DCDL-0017407,0.000760456273764259,0.000760456273764259,0.000760456273764259,0.000760456273764259,0.647148288973384,0.000760456273764259,0.000760456273764259,0.000760456273764259,0.000760456273764259,0.000760456273764259,0.000760456273764259,0.000760456273764259,0.000760456273764259,0.000760456273764259,0.342965779467681
DCDL-0018825,0.183289817232376,0.209399477806789,0.000522193211488251,0.000522193211488251,0.235509138381201,0.0527415143603133,0.000522193211488251,0.0527415143603133,0.000522193211488251,0.0527415143603133,0.000522193211488251,0.000522193211488251,0.000522193211488251,0.209399477806789,0.000522193211488251
DCDL-0017486,0.373084886128364,0.00041407867494824,0.00041407867494824,0.00041407867494824,0.0625258799171843,0.00041407867494824,0.0211180124223602,0.00041407867494824,0.00041407867494824,0.00041407867494824,0.00041407867494824,0.00041407867494824,0.00041407867494824,0.00041407867494824,0.53871635610766
DCDL-0017873,0.282615156017831,0.238038632986627,0.000297176820208024,0.000297176820208024,0.475780089153046,0.000297176820208024,0.000297176820208024,0.000297176820208024,0.000297176820208024,0.000297176820208024,0.000297176820208024,0.000297176820208024,0.000297176820208024,0.000297176820208024,0.000297176820208024
DCDL-0017445,0.0998011928429423,0.000397614314115308,0.199204771371769,0.000397614314115308,0.378131212723658,0.000397614314115308,0.000397614314115308,0.000397614314115308,0.000397614314115308,0.000397614314115308,0.0998011928429423,0.000397614314115308,0.000397614314115308,0.219085487077535,0.000397614314115308
DCDL-0017485,0.17762619372442,0.000272851296043656,0.477762619372442,0.000272851296043656,0.000272851296043656,0.0139154160982265,0.000272851296043656,0.000272851296043656,0.000272851296043656,0.000272851296043656,0.000272851296043656,0.000272851296043656,0.000272851296043656,0.245839017735334,0.0821282401091405
DCDL-0017459,0.00033167495854063,0.00033167495854063,0.00033167495854063,0.00033167495854063,0.696849087893864,0.00033167495854063,0.00033167495854063,0.00033167495854063,0.00033167495854063,0.00033167495854063,0.00033167495854063,0.00033167495854063,0.00033167495854063,0.00033167495854063,0.298839137645108
DCDL-0017257,0.000301659125188537,0.0153846153846154,0.000301659125188537,0.000301659125188537,0.000301659125188537,0.000301659125188537,0.875113122171946,0.000301659125188537,0.105882352941176,0.000301659125188537,0.000301659125188537,0.000301659125188537,0.000301659125188537,0.000301659125188537,0.000301659125188537
DCDL-0017583,0.000337268128161889,0.000337268128161889,0.607419898819562,0.000337268128161889,0.270151770657673,0.000337268128161889,0.000337268128161889,0.000337268128161889,0.000337268128161889,0.000337268128161889,0.000337268128161889,0.000337268128161889,0.000337268128161889,0.000337268128161889,0.118381112984823
DCDL-0018139,0.0536412078152753,0.000355239786856128,0.000355239786856128,0.000355239786856128,0.000355239786856128,0.000355239786856128,0.000355239786856128,0.000355239786856128,0.000355239786856128,0.337833037300178,0.000355239786856128,0.000355239786856128,0.000355239786856128,0.249023090586146,0.355595026642984
DCDL-0018358,0.182608695652174,0.000280504908835905,0.000280504908835905,0.715568022440393,0.0984572230014025,0.000280504908835905,0.000280504908835905,0.000280504908835905,0.000280504908835905,0.000280504908835905,0.000280504908835905,0.000280504908835905,0.000280504908835905,0.000280504908835905,0.000280504908835905
DCDL-0018101,0.351683748169839,0.000292825768667643,0.000292825768667643,0.000292825768667643,0.000292825768667643,0.000292825768667643,0.000292825768667643,0.000292825768667643,0.000292825768667643,0.000292825768667643,0.000292825768667643,0.2199121522694,0.000292825768667643,0.322401171303075,0.102781844802343
DCDL-0021716,0.226185101580135,0.000451467268623025,0.000451467268623025,0.31647855530474,0.158465011286682,0.000451467268623025,0.000451467268623025,0.000451467268623025,0.000451467268623025,0.0455981941309255,0.000451467268623025,0.0455981941309255,0.000451467268623025,0.203611738148984,0.000451467268623025
DCDL-0017566,0.00046189376443418,0.00046189376443418,0.00046189376443418,0.00046189376443418,0.00046189376443418,0.254503464203233,0.00046189376443418,0.00046189376443418,0.00046189376443418,0.00046189376443418,0.670207852193995,0.00046189376443418,0.0697459584295612,0.00046189376443418,0.00046189376443418
